data,titulo,ementa,autoria,link
2025-02-12 09:27:11,EMENDA À LEI ORGÂNICA N.º 002/2025,ALTERA A REDAÇÃO DO § 2° DO ART. 8° DA LEI ORGÂNICA DO MUNICÍPIO DE PINDAMONHANGABA.,,https://www.pindamonhangaba.sp.leg.br/proposicoes/0/0/0/0/131406#pesquisa
2024-08-07 10:48:22,EMENDA À LEI ORGÂNICA MUNICIPAL N.º 001/2024,Altera a redação do § 1° do art. 63 da Lei Orgânica do Município de Pindamonhangaba.,,https://www.pindamonhangaba.sp.leg.br/proposicoes/0/0/0/0/125796#pesquisa
2024-04-03 11:09:46,EMENDA À LEI ORGÂNICA N.º 039/2024,"Revisa e atualiza a Lei Orgânica do Município de Pindamonhangaba, Estado de São Paulo, e dá outras providências.",,https://www.pindamonhangaba.sp.leg.br/proposicoes/0/0/0/0/120309#pesquisa
2023-05-10 00:00:00,EMENDA À LEI ORGÂNICA N.º 038/2023,ALTERA A REDAÇÃO DO ART. 11 DA LEI ORGÂNICA DO MUNICÍPIO DE PINDAMONHANGABA.,,https://www.pindamonhangaba.sp.leg.br/proposicoes/0/0/0/0/116390#pesquisa
2023-04-05 00:00:00,EMENDA À LEI ORGÂNICA N.º 037/2023,"ALTERA E ACRESCENTA DISPOSITIVO AO ART. 136-A DA LEI ORGÂNICA DO MUNICÍPIO DE PINDAMONHANGABA, PARA ADOTAR NO PROCESSO LEGISLATIVO ORÇAMENTÁRIO MUNICIPAL AS EMENDAS IMPOSITIVAS PREVISTAS NA EMENDA CONSTITUCIONAL Nº 100, DE 26 DE JUNHO DE 2019 E ATUALIZAÇÃO PREVISTA NA EMENDA CONSTITUCIONAL Nº 126, DE 21 DE DEZEMBRO DE 2022.",,https://www.pindamonhangaba.sp.leg.br/proposicoes/0/0/0/0/116391#pesquisa
2021-07-13 00:00:00,EMENDA À LEI ORGÂNICA N.º 036/2021,ALTERA A REDAÇÃO DOS §§ 1° E 2° DO ART. 135 DA LEI ORGÂNICA DO MUNICÍPIO DE PINDAMONHANGABA.,,https://www.pindamonhangaba.sp.leg.br/proposicoes/0/0/0/0/124952#pesquisa
2019-10-01 00:00:00,EMENDA À LEI ORGÂNICA N.º 035/2019,REVOGA O § 6° DO ART. 136-A DA LEI ORGÂNICA MUNICIPAL.,,https://www.pindamonhangaba.sp.leg.br/proposicoes/0/0/0/0/124951#pesquisa
2017-07-06 00:00:00,EMENDA À LEI ORGÂNICA N.º 034/2017,"ACRESCENTA O ARTIGO 136-A NA LEI ORGÂNICA DO MUNICÍPIO DE PINDAMONHANGABA, INSTITUINDO O ORÇAMENTO IMPOSITIVO.",,https://www.pindamonhangaba.sp.leg.br/proposicoes/0/0/0/0/124950#pesquisa
2016-01-26 00:00:00,EMENDA À LEI ORGÂNICA N.º 033/2016,"DÁ NOVA REDAÇÃO AO INCISO III DO § 2° E AO § 3°, DO ARTIGO 17 DA LEI ORGÂNICA MUNICIPAL.",,https://www.pindamonhangaba.sp.leg.br/proposicoes/0/0/0/0/124945#pesquisa
2013-09-03 00:00:00,EMENDA À LEI ORGÂNICA N.º 032/2013,ACRESCENTA O ART. 95-A À LEI ORGÂNICA MUNICIPAL.,,https://www.pindamonhangaba.sp.leg.br/proposicoes/0/0/0/0/124944#pesquisa
2012-12-20 00:00:00,EMENDA À LEI ORGÂNICA N.º 031/2012,ALTERA DISPOSITIVOS DA LEI ORGÂNICA MUNICIPAL.,,https://www.pindamonhangaba.sp.leg.br/proposicoes/0/0/0/0/124943#pesquisa
2012-08-07 00:00:00,EMENDA À LEI ORGÂNICA N.º 030/2012,ACRESCENTA DISPOSITIVO NA LEI ORGÂNICA MUNICIPAL.,,https://www.pindamonhangaba.sp.leg.br/proposicoes/0/0/0/0/124942#pesquisa
2012-05-21 00:00:00,EMENDA À LEI ORGÂNICA N.º 029/2012,DÁ NOVA REDAÇÃO AO ARTIGO 118 DA LEI ORGÂNICA MUNICIPAL.,,https://www.pindamonhangaba.sp.leg.br/proposicoes/0/0/0/0/124941#pesquisa
2011-05-30 00:00:00,EMENDA À LEI ORGÂNICA N.º 028/2011,DÁ NOVA REDAÇÃO AO ARTIGO 203 DA LEI ORGÂNICA MUNICIPAL.,,https://www.pindamonhangaba.sp.leg.br/proposicoes/0/0/0/0/124940#pesquisa
2009-08-31 00:00:00,EMENDA À LEI ORGÂNICA N.º 027/2009,ALTERA O “CAPUT” DO ART. 103 DA LEI ORGÂNICA DO MUNICÍPIO DE PINDAMONHANGABA.,,https://www.pindamonhangaba.sp.leg.br/proposicoes/0/0/0/0/124936#pesquisa
2009-02-26 00:00:00,EMENDA À LEI ORGÂNICA N.º 026/2009,DÁ NOVA REDAÇÃO AO “CAPUT” DO ARTIGO 12 DA LEI ORGÂNICA MUNICIPAL.,,https://www.pindamonhangaba.sp.leg.br/proposicoes/0/0/0/0/124935#pesquisa
2008-02-12 00:00:00,EMENDA À LEI ORGÂNICA N.º 025/2008,"REVOGA O INCISO XIV, DO ARTIGO 9º DA LEI ORGÂNICA MUNICIPAL.",,https://www.pindamonhangaba.sp.leg.br/proposicoes/0/0/0/0/124932#pesquisa
2006-07-06 00:00:00,EMENDA À LEI ORGÂNICA N.º 024/2006,DÁ NOVA REDAÇÃO AO ARTIGO 136 DA LEI ORGÂNICA MUNICIPAL.,,https://www.pindamonhangaba.sp.leg.br/proposicoes/0/0/0/0/124931#pesquisa
2006-02-20 00:00:00,EMENDA À LEI ORGÂNICA N.º 023/2006,ALTERA O ARTIGO 27 DA LEI ORGÂNICA MUNICIPAL.,,https://www.pindamonhangaba.sp.leg.br/proposicoes/0/0/0/0/124930#pesquisa
2005-05-30 00:00:00,EMENDA À LEI ORGÂNICA N.º 022/2005,ALTERA A REDAÇÃO DO ARTIGO 136 DA LOM.,,https://www.pindamonhangaba.sp.leg.br/proposicoes/0/0/0/0/124929#pesquisa
2004-07-05 00:00:00,EMENDA À LEI ORGÂNICA N.º 021/2004,ALTERA O § 2º DO ARTIGO 8º DA LOM.,,https://www.pindamonhangaba.sp.leg.br/proposicoes/0/0/0/0/124928#pesquisa
2003-04-07 00:00:00,EMENDA À LEI ORGÂNICA N.º 014/2003,DÁ NOVA REDAÇÃO AO ARTIGO 16 DA LEI ORGÂNICA MUNICIPAL.,,https://www.pindamonhangaba.sp.leg.br/proposicoes/0/0/0/0/124839#pesquisa
2003-04-07 00:00:00,EMENDA À LEI ORGÂNICA N.º 015/2003,DÁ NOVA REDAÇÃO AO ARTIGO 17 DA LEI ORGÂNICA MUNICIPAL.,,https://www.pindamonhangaba.sp.leg.br/proposicoes/0/0/0/0/124842#pesquisa
2003-04-07 00:00:00,EMENDA À LEI ORGÂNICA N.º 016/2003,"DÁ NOVA REDAÇÃO AO INCISO VI DO ART. 24 E AO INCISO XII DO MESMO ARTIGO, INTRODUZIDO PELA EMENDA 07, DE 10 DE JUNHO DE 1996, E DÁ OUTRAS PROVIDÊNCIAS.",,https://www.pindamonhangaba.sp.leg.br/proposicoes/0/0/0/0/124843#pesquisa
2003-04-07 00:00:00,EMENDA À LEI ORGÂNICA N.º 017/2003,DÁ NOVA REDAÇÃO AO PARÁGRAFO ÚNICO DO ARTIGO 30 DA LOM.,,https://www.pindamonhangaba.sp.leg.br/proposicoes/0/0/0/0/124845#pesquisa
2003-04-07 00:00:00,EMENDA À LEI ORGÂNICA N.º 018/2003,DÁ NOVA REDAÇÃO AO ARTIGO 32 DA LOM.,,https://www.pindamonhangaba.sp.leg.br/proposicoes/0/0/0/0/124846#pesquisa
2003-04-07 00:00:00,EMENDA À LEI ORGÂNICA N.º 019/2003,DÁ NOVA REDAÇÃO AO ARTIGO 64 DA LOM.,,https://www.pindamonhangaba.sp.leg.br/proposicoes/0/0/0/0/124847#pesquisa
2003-04-07 00:00:00,EMENDA À LEI ORGÂNICA N.º 020/2003,DÁ NOVA REDAÇÃO AO ARTIGO 137 DA LOM.,,https://www.pindamonhangaba.sp.leg.br/proposicoes/0/0/0/0/124849#pesquisa
2002-11-25 00:00:00,EMENDA À LEI ORGÂNICA N.º 013/2002,"ALTERA DISPOSITIVO DO INCISO IV DO ARTIGO 93, INTRODUZIDO PELA EMENDA 12/2002 E REVOGA A ALTERA OUTROS DISPOSITIVOS.",,https://www.pindamonhangaba.sp.leg.br/proposicoes/0/0/0/0/124838#pesquisa
2000-08-07 00:00:00,EMENDA À LEI ORGÂNICA N.º 012/2000,DÁ NOVA REDAÇÃO AO INCISO IV DO ARTIGO 93 DA LEI ORGÂNICA MUNICIPAL E ACRESCENTA ALÍNEAS.,,https://www.pindamonhangaba.sp.leg.br/proposicoes/0/0/0/0/124834#pesquisa
1999-06-21 00:00:00,EMENDA À LEI ORGÂNICA N.º 011/1999,"DÁ NOVA REDAÇÃO AOS ARTIGOS 9º, 10 E 13 DA LOM.",,https://www.pindamonhangaba.sp.leg.br/proposicoes/0/0/0/0/124831#pesquisa
1999-02-19 00:00:00,EMENDA À LEI ORGÂNICA N.º 010/1999,DÁ NOVA REDAÇÃO AO §2º DO ART.8º DA LOM.,,https://www.pindamonhangaba.sp.leg.br/proposicoes/0/0/0/0/124829#pesquisa
1998-12-26 00:00:00,EMENDA À LEI ORGÂNICA N.º 009/1998,ALTERA O ARTIGO 57 E ACRESCENTA UM PARÁGRAFO ÚNICO AO ARTIGO 59 DA LOM.,,https://www.pindamonhangaba.sp.leg.br/proposicoes/0/0/0/0/124828#pesquisa
1997-02-17 00:00:00,EMENDA À LEI ORGÂNICA N.º 008/1997,ALTERA O §2º DO ARTIGO 8º DA LOM.,,https://www.pindamonhangaba.sp.leg.br/proposicoes/0/0/0/0/124827#pesquisa
1996-06-10 00:00:00,EMENDA À LEI ORGÂNICA N.º 007/1996,REVOGA O INCISO VIII DO ARTIGO 10 E ACRESCENTA INCISO XII AO ARTIGO 24 DA LEI ORGÂNICA MUNICIPAL.,,https://www.pindamonhangaba.sp.leg.br/proposicoes/0/0/0/0/124824#pesquisa
1996-02-05 00:00:00,EMENDA À LEI ORGÂNICA N.º 006/1996,DÁ NOVA REDAÇÃO AO “CAPUT” E ACRESCENTA O INCISO XI AO ARTIGO 93 DA LEI ORGÂNICA MUNICIPAL.,,https://www.pindamonhangaba.sp.leg.br/proposicoes/0/0/0/0/124823#pesquisa
1993-02-18 00:00:00,EMENDA À LEI ORGÂNICA N.º 005/1993,"DISPÕE SOBRE ALTERAÇÃO DO INCISO III, DO ARTIGO 198.",,https://www.pindamonhangaba.sp.leg.br/proposicoes/0/0/0/0/124822#pesquisa
1992-12-28 00:00:00,EMENDA À LEI ORGÂNICA N.º 004/1992,"DISPÕE SOBRE ALTERAÇÃO DO ""CAPUT"" DO ART. 22 DA LEI ORGÂNICA MUNICIPAL.",,https://www.pindamonhangaba.sp.leg.br/proposicoes/0/0/0/0/124821#pesquisa
1992-12-01 00:00:00,EMENDA À LEI ORGÂNICA N.º 003/1992,DISPÕE SOBRE ALTERAÇÃO DO INCISO VI DO ARTIGO 215.,,https://www.pindamonhangaba.sp.leg.br/proposicoes/0/0/0/0/124820#pesquisa
1991-09-23 00:00:00,EMENDA À LEI ORGÂNICA N.º 002/1991,ALTERA O § 2º DO ARTIGO 8º DA LOM.,,https://www.pindamonhangaba.sp.leg.br/proposicoes/0/0/0/0/124819#pesquisa
1991-08-26 00:00:00,EMENDA À LEI ORGÂNICA N.º 001/1991,DISPÕE SOBRE NOVA REDAÇÃO AO PARÁGRAFO ÚNICO DO ARTIGO 4º DO ATO DAS DISPOSIÇÕES CONSTITUCIONAIS TRANSITÓRIAS DA LEI ORGÂNICA MUNICIPAL.,,https://www.pindamonhangaba.sp.leg.br/proposicoes/0/0/0/0/124818#pesquisa
