data,titulo,link
2025-08-05 17:00:00,Pauta da 26ª Sessão Ordinária de 2025,https://www.pindamonhangaba.sp.leg.br/pautas/0/0/0/0/1026#pesquisa
2025-07-15 17:00:00,Pauta da 25ª Sessão Ordinária de 2025,https://www.pindamonhangaba.sp.leg.br/pautas/0/0/0/0/1024#pesquisa
2025-07-08 17:00:00,Pauta da 24ª Sessão Ordinária de 2025,https://www.pindamonhangaba.sp.leg.br/pautas/0/0/0/0/1018#pesquisa
2025-07-01 17:00:00,Pauta da 23ª Sessão Ordinária de 2025,https://www.pindamonhangaba.sp.leg.br/pautas/0/0/0/0/1012#pesquisa
2025-06-24 17:00:00,Pauta da 22ª Sessão Ordinária de 2025,https://www.pindamonhangaba.sp.leg.br/pautas/0/0/0/0/1008#pesquisa
2025-06-17 17:00:00,Pauta da 21ª Sessão Ordinária de 2025,https://www.pindamonhangaba.sp.leg.br/pautas/0/0/0/0/1002#pesquisa
2025-06-10 17:00:00,Pauta da 20ª Sessão Ordinária de 2025,https://www.pindamonhangaba.sp.leg.br/pautas/0/0/0/0/997#pesquisa
2025-06-03 17:00:00,Pauta da 19ª Sessão Ordinária de 2025,https://www.pindamonhangaba.sp.leg.br/pautas/0/0/0/0/995#pesquisa
2025-05-27 17:00:00,Pauta da 18ª Sessão Ordinária de 2025,https://www.pindamonhangaba.sp.leg.br/pautas/0/0/0/0/991#pesquisa
2025-05-20 17:00:00,Pauta da 17ª Sessão Ordinária de 2025,https://www.pindamonhangaba.sp.leg.br/pautas/0/0/0/0/983#pesquisa
2025-05-13 17:00:00,Pauta da 16ª Sessão Ordinária de 2025,https://www.pindamonhangaba.sp.leg.br/pautas/0/0/0/0/975#pesquisa
2025-05-06 17:00:00,Pauta da 15ª Sessão Ordinária de 2025,https://www.pindamonhangaba.sp.leg.br/pautas/0/0/0/0/965#pesquisa
2025-04-29 17:00:00,Pauta da 14ª Sessão Ordinária de 2025,https://www.pindamonhangaba.sp.leg.br/pautas/0/0/0/0/963#pesquisa
2025-04-22 17:00:00,Pauta da 13ª Sessão Ordinária de 2025,https://www.pindamonhangaba.sp.leg.br/pautas/0/0/0/0/958#pesquisa
2025-04-15 17:00:00,Pauta da 12ª Sessão Ordinária de 2025,https://www.pindamonhangaba.sp.leg.br/pautas/0/0/0/0/956#pesquisa
2025-04-08 17:00:00,Pauta da 11ª Sessão Ordinária de 2025,https://www.pindamonhangaba.sp.leg.br/pautas/0/0/0/0/947#pesquisa
2025-04-01 17:00:00,Pauta da 10ª Sessão Ordinária de 2025,https://www.pindamonhangaba.sp.leg.br/pautas/0/0/0/0/937#pesquisa
2025-03-24 17:00:00,Pauta da 9ª Sessão Ordinária de 2025,https://www.pindamonhangaba.sp.leg.br/pautas/0/0/0/0/935#pesquisa
2025-03-18 17:00:00,Pauta da 8ª Sessão Ordinária de 2025,https://www.pindamonhangaba.sp.leg.br/pautas/0/0/0/0/929#pesquisa
2025-03-11 17:00:00,Pauta da 7ª Sessão Ordinária de 2025,https://www.pindamonhangaba.sp.leg.br/pautas/0/0/0/0/927#pesquisa
2025-03-06 17:00:00,Pauta da 6ª Sessão Ordinária de 2025,https://www.pindamonhangaba.sp.leg.br/pautas/0/0/0/0/921#pesquisa
2025-02-25 17:00:00,Pauta da 5ª Sessão Ordinária de 2025,https://www.pindamonhangaba.sp.leg.br/pautas/0/0/0/0/919#pesquisa
2025-02-18 17:00:00,Pauta da 4ª Sessão Ordinária de 2025,https://www.pindamonhangaba.sp.leg.br/pautas/0/0/0/0/914#pesquisa
2025-02-11 17:00:00,Pauta da 3ª Sessão Ordinária de 2025,https://www.pindamonhangaba.sp.leg.br/pautas/0/0/0/0/906#pesquisa
2025-02-04 17:00:00,Pauta da 2ª Sessão Ordinária de 2025,https://www.pindamonhangaba.sp.leg.br/pautas/0/0/0/0/900#pesquisa
2025-01-28 17:00:00,Pauta da 1ª Sessão Ordinária de 2025,https://www.pindamonhangaba.sp.leg.br/pautas/0/0/0/0/892#pesquisa
2025-01-13 09:25:00,Pauta da 2ª Sessão Extraordinária de 2025,https://www.pindamonhangaba.sp.leg.br/pautas/0/0/0/0/894#pesquisa
2025-01-13 08:00:00,Pauta da 1ª Sessão Extraordinária de 2025,https://www.pindamonhangaba.sp.leg.br/pautas/0/0/0/0/893#pesquisa
2025-01-01 12:00:00,Pauta da 1ª Sessão Especial de 2025,https://www.pindamonhangaba.sp.leg.br/pautas/0/0/0/0/896#pesquisa
2025-01-01 10:00:00,Pauta da Sessão Solene de 2025,https://www.pindamonhangaba.sp.leg.br/pautas/0/0/0/0/895#pesquisa
2024-12-16 14:00:00,Pauta da 44ª Sessão Ordinária de 2024,https://www.pindamonhangaba.sp.leg.br/pautas/0/0/0/0/891#pesquisa
2024-12-10 16:00:00,Pauta da 43ª Sessão Ordinária de 2024,https://www.pindamonhangaba.sp.leg.br/pautas/0/0/0/0/889#pesquisa
2024-12-03 17:00:00,Pauta da 42ª Sessão Ordinária de 2024,https://www.pindamonhangaba.sp.leg.br/pautas/0/0/0/0/887#pesquisa
2024-11-26 17:00:00,Pauta da 41ª Sessão Ordinária de 2024,https://www.pindamonhangaba.sp.leg.br/pautas/0/0/0/0/877#pesquisa
2024-11-21 17:30:00,Pauta da Audiência Pública de 2024 - (CFO),https://www.pindamonhangaba.sp.leg.br/pautas/0/0/0/0/864#pesquisa
2024-11-19 17:00:00,Pauta da 40ª Sessão Ordinária de 2024,https://www.pindamonhangaba.sp.leg.br/pautas/0/0/0/0/872#pesquisa
2024-11-12 17:00:00,Pauta da 39ª Sessão Ordinária de 2024,https://www.pindamonhangaba.sp.leg.br/pautas/0/0/0/0/871#pesquisa
2024-11-05 17:00:00,Pauta da 38ª Sessão Ordinária de 2024,https://www.pindamonhangaba.sp.leg.br/pautas/0/0/0/0/868#pesquisa
2024-10-29 17:00:00,Pauta da 37ª Sessão Ordinária de 2024,https://www.pindamonhangaba.sp.leg.br/pautas/0/0/0/0/860#pesquisa
2024-10-22 17:00:00,Pauta da 36ª Sessão Ordinária de 2024,https://www.pindamonhangaba.sp.leg.br/pautas/0/0/0/0/856#pesquisa
2024-10-15 17:00:00,Pauta da 35ª Sessão Ordinária de 2024,https://www.pindamonhangaba.sp.leg.br/pautas/0/0/0/0/855#pesquisa
2024-10-08 17:00:00,Pauta da 34ª Sessão Ordinária de 2024,https://www.pindamonhangaba.sp.leg.br/pautas/0/0/0/0/845#pesquisa
2024-10-01 08:00:00,Pauta da 2ª Sessão Extraordinária de 2024,https://www.pindamonhangaba.sp.leg.br/pautas/0/0/0/0/843#pesquisa
2024-09-30 14:00:00,Pauta da 33ª Sessão Ordinária de 2024,https://www.pindamonhangaba.sp.leg.br/pautas/0/0/0/0/841#pesquisa
2024-09-27 18:00:00,Pauta da Audiência Pública do Secretaria de Finanças e Orçamento (2° quadrimestre/2024) de 2024,https://www.pindamonhangaba.sp.leg.br/pautas/0/0/0/0/850#pesquisa
2024-09-26 17:00:00,Pauta da Audiência Pública do Secretaria de Saúde (2° quadrimestre/2024) de 2024,https://www.pindamonhangaba.sp.leg.br/pautas/0/0/0/0/853#pesquisa
2024-09-23 14:00:00,Pauta da 32ª Sessão Ordinária de 2024,https://www.pindamonhangaba.sp.leg.br/pautas/0/0/0/0/834#pesquisa
2024-09-16 14:00:00,Pauta da 31ª Sessão Ordinária de 2024,https://www.pindamonhangaba.sp.leg.br/pautas/0/0/0/0/830#pesquisa
2024-09-09 14:00:00,Pauta da 30ª Sessão Ordinária de 2024,https://www.pindamonhangaba.sp.leg.br/pautas/0/0/0/0/825#pesquisa
2024-09-02 14:00:00,Pauta da 29ª Sessão Ordinária de 2024,https://www.pindamonhangaba.sp.leg.br/pautas/0/0/0/0/821#pesquisa
2024-08-27 17:00:00,Pauta da 28ª Sessão Ordinária de 2024,https://www.pindamonhangaba.sp.leg.br/pautas/0/0/0/0/815#pesquisa
2024-08-21 11:00:00,Pauta da 15ª Reunião Ordinária de Comissão de 2024 - (COSP),https://www.pindamonhangaba.sp.leg.br/pautas/0/0/0/0/814#pesquisa
2024-08-21 10:00:00,Pauta da 25ª Reunião Ordinária de Comissão de 2024 - (CLJR),https://www.pindamonhangaba.sp.leg.br/pautas/0/0/0/0/813#pesquisa
2024-08-20 17:00:00,Pauta da 27ª Sessão Ordinária de 2024,https://www.pindamonhangaba.sp.leg.br/pautas/0/0/0/0/812#pesquisa
2024-08-14 09:45:00,Pauta da 18ª Reunião Ordinária de Comissão de 2024 - (CSAS),https://www.pindamonhangaba.sp.leg.br/pautas/0/0/0/0/811#pesquisa
2024-08-12 16:00:00,Pauta da 26ª Sessão Ordinária de 2024,https://www.pindamonhangaba.sp.leg.br/pautas/0/0/0/0/805#pesquisa
2024-08-06 17:00:00,Pauta da 25ª Sessão Ordinária de 2024,https://www.pindamonhangaba.sp.leg.br/pautas/0/0/0/0/803#pesquisa
2024-07-11 17:00:00,Pauta da 24ª Sessão Ordinária de 2024,https://www.pindamonhangaba.sp.leg.br/pautas/0/0/0/0/800#pesquisa
2024-07-02 17:00:00,Pauta da 23ª Sessão Ordinária de 2024,https://www.pindamonhangaba.sp.leg.br/pautas/0/0/0/0/794#pesquisa
2024-06-24 17:00:00,Pauta da 22ª Sessão Ordinária de 2024,https://www.pindamonhangaba.sp.leg.br/pautas/0/0/0/0/784#pesquisa
2024-06-18 17:00:00,Pauta da 21ª Sessão Ordinária de 2024,https://www.pindamonhangaba.sp.leg.br/pautas/0/0/0/0/778#pesquisa
2024-06-11 17:00:00,Pauta da 20ª Sessão Ordinária de 2024,https://www.pindamonhangaba.sp.leg.br/pautas/0/0/0/0/773#pesquisa
2024-06-04 17:00:00,Pauta da 19ª Sessão Ordinária de 2024,https://www.pindamonhangaba.sp.leg.br/pautas/0/0/0/0/765#pesquisa
2024-05-28 17:00:00,Pauta da 18ª Sessão Ordinária de 2024,https://www.pindamonhangaba.sp.leg.br/pautas/0/0/0/0/764#pesquisa
2024-05-27 17:00:00,Pauta da Audiência Pública do Secretaria de Saúde (1° quadrimestre/2024) de 2024,https://www.pindamonhangaba.sp.leg.br/pautas/0/0/0/0/852#pesquisa
2024-05-26 18:00:00,Pauta da Audiência Pública do Secretaria de Finanças e Orçamento (1° quadrimestre/2024) de 2024,https://www.pindamonhangaba.sp.leg.br/pautas/0/0/0/0/849#pesquisa
2024-05-21 19:00:00,Pauta da Audiência Pública de 2024 - (CFO),https://www.pindamonhangaba.sp.leg.br/pautas/0/0/0/0/737#pesquisa
2024-05-21 17:00:00,Pauta da 17ª Sessão Ordinária de 2024,https://www.pindamonhangaba.sp.leg.br/pautas/0/0/0/0/759#pesquisa
2024-05-14 17:00:00,Pauta da 16ª Sessão Ordinária de 2024,https://www.pindamonhangaba.sp.leg.br/pautas/0/0/0/0/756#pesquisa
2024-05-07 17:00:00,Pauta da 15ª Sessão Ordinária de 2024,https://www.pindamonhangaba.sp.leg.br/pautas/0/0/0/0/747#pesquisa
2024-04-30 17:00:00,Pauta da 14ª Sessão Ordinária de 2024,https://www.pindamonhangaba.sp.leg.br/pautas/0/0/0/0/741#pesquisa
2024-04-23 17:00:00,Pauta da 13ª Sessão Ordinária de 2024,https://www.pindamonhangaba.sp.leg.br/pautas/0/0/0/0/735#pesquisa
2024-04-16 17:00:00,Pauta da 12ª Sessão Ordinária de 2024,https://www.pindamonhangaba.sp.leg.br/pautas/0/0/0/0/729#pesquisa
2024-04-09 17:00:00,Pauta da 11ª Sessão Ordinária de 2024,https://www.pindamonhangaba.sp.leg.br/pautas/0/0/0/0/721#pesquisa
2024-04-05 11:40:00,Pauta da 1ª Sessão Extraordinária de 2024,https://www.pindamonhangaba.sp.leg.br/pautas/0/0/0/0/722#pesquisa
2024-04-03 09:30:00,Pauta da 4ª Reunião Ordinária de Comissão de 2024 - (CFO),https://www.pindamonhangaba.sp.leg.br/pautas/0/0/0/0/723#pesquisa
2024-04-02 17:00:00,Pauta da 10ª Sessão Ordinária de 2024,https://www.pindamonhangaba.sp.leg.br/pautas/0/0/0/0/717#pesquisa
2024-03-26 17:00:00,Pauta da 9ª Sessão Ordinária de 2024,https://www.pindamonhangaba.sp.leg.br/pautas/0/0/0/0/714#pesquisa
2024-03-19 17:00:00,Pauta da 8ª Sessão Ordinária de 2024,https://www.pindamonhangaba.sp.leg.br/pautas/0/0/0/0/704#pesquisa
2024-03-12 17:00:00,Pauta da 7ª Sessão Ordinária de 2024,https://www.pindamonhangaba.sp.leg.br/pautas/0/0/0/0/702#pesquisa
2024-03-05 17:00:00,Pauta da 6ª Sessão Ordinária de 2024,https://www.pindamonhangaba.sp.leg.br/pautas/0/0/0/0/690#pesquisa
2024-02-29 17:00:00,Pauta da Audiência Pública do Secretaria de Saúde (3° quadrimestre/2023) de 2024,https://www.pindamonhangaba.sp.leg.br/pautas/0/0/0/0/851#pesquisa
2024-02-27 17:00:00,Pauta da 5ª Sessão Ordinária de 2024,https://www.pindamonhangaba.sp.leg.br/pautas/0/0/0/0/580#pesquisa
2024-02-24 18:00:00,Pauta da Audiência Pública do Secretaria de Finanças e Orçamento (3° quadrimestre/2023) de 2024,https://www.pindamonhangaba.sp.leg.br/pautas/0/0/0/0/847#pesquisa
2024-02-20 17:00:00,Pauta da 4ª Sessão Ordinária de 2024,https://www.pindamonhangaba.sp.leg.br/pautas/0/0/0/0/579#pesquisa
2024-02-15 14:00:00,Pauta da 3ª Sessão Ordinária de 2024,https://www.pindamonhangaba.sp.leg.br/pautas/0/0/0/0/13#pesquisa
2024-02-06 17:00:00,Pauta da 2ª Sessão Ordinária do 1º Período de 2024,https://www.pindamonhangaba.sp.leg.br/pautas/0/0/0/0/10#pesquisa
2024-01-30 17:00:00,Pauta da 1ª Sessão Ordinária do 1º Período de 2024,https://www.pindamonhangaba.sp.leg.br/pautas/0/0/0/0/1#pesquisa
2023-12-18 09:40:00,Pauta da 45ª Sessão Ordinária de 2023,https://www.pindamonhangaba.sp.leg.br/pautas/0/0/0/0/578#pesquisa
2023-12-13 10:00:00,Pauta da 13ª Reunião Ordinária de Comissão de 2023 - (CFO),https://www.pindamonhangaba.sp.leg.br/pautas/0/0/0/0/593#pesquisa
2023-12-13 09:30:00,Pauta da 27ª Reunião Ordinária de Comissão de 2023 - (CSAS),https://www.pindamonhangaba.sp.leg.br/pautas/0/0/0/0/684#pesquisa
2023-12-13 09:00:00,Pauta da 39ª Reunião Ordinária de Comissão de 2023 - (CLJR),https://www.pindamonhangaba.sp.leg.br/pautas/0/0/0/0/632#pesquisa
2023-12-12 17:05:00,Pauta da 44ª Sessão Ordinária de 2023,https://www.pindamonhangaba.sp.leg.br/pautas/0/0/0/0/577#pesquisa
2023-12-12 11:00:00,Pauta da 11ª Reunião Ordinária de Comissão de 2023 - (CECTE),https://www.pindamonhangaba.sp.leg.br/pautas/0/0/0/0/657#pesquisa
2023-12-06 11:00:00,Pauta da 14ª Reunião Ordinária de Comissão de 2023 - (COSP),https://www.pindamonhangaba.sp.leg.br/pautas/0/0/0/0/646#pesquisa
2023-12-06 09:00:00,Pauta da 38ª Reunião Ordinária de Comissão de 2023 - (CLJR),https://www.pindamonhangaba.sp.leg.br/pautas/0/0/0/0/631#pesquisa
2023-12-05 17:10:00,Pauta da 43ª Sessão Ordinária de 2023,https://www.pindamonhangaba.sp.leg.br/pautas/0/0/0/0/576#pesquisa
2023-11-29 09:00:00,Pauta da 37ª Reunião Ordinária de Comissão de 2023 - (CLJR),https://www.pindamonhangaba.sp.leg.br/pautas/0/0/0/0/630#pesquisa
2023-11-28 09:00:00,Pauta da 42ª Sessão Ordinária de 2023,https://www.pindamonhangaba.sp.leg.br/pautas/0/0/0/0/575#pesquisa
2023-11-22 10:30:00,Pauta da 13ª Reunião Ordinária de Comissão de 2023 - (COSP),https://www.pindamonhangaba.sp.leg.br/pautas/0/0/0/0/645#pesquisa
2023-11-22 10:00:00,Pauta da 26ª Reunião Ordinária de Comissão de 2023 - (CSAS),https://www.pindamonhangaba.sp.leg.br/pautas/0/0/0/0/683#pesquisa
2023-11-22 09:45:00,Pauta da 12ª Reunião Ordinária de Comissão de 2023 - (CFO),https://www.pindamonhangaba.sp.leg.br/pautas/0/0/0/0/592#pesquisa
2023-11-22 09:00:00,Pauta da 36ª Reunião Ordinária de Comissão de 2023 - (CLJR),https://www.pindamonhangaba.sp.leg.br/pautas/0/0/0/0/629#pesquisa
2023-11-21 17:10:00,Pauta da 41ª Sessão Ordinária de 2023,https://www.pindamonhangaba.sp.leg.br/pautas/0/0/0/0/574#pesquisa
2023-11-14 17:05:00,Pauta da 40ª Sessão Ordinária de 2023,https://www.pindamonhangaba.sp.leg.br/pautas/0/0/0/0/573#pesquisa
2023-11-08 09:00:00,Pauta da 35ª Reunião Ordinária de Comissão de 2023 - (CLJR),https://www.pindamonhangaba.sp.leg.br/pautas/0/0/0/0/628#pesquisa
2023-11-07 17:10:00,Pauta da 39ª Sessão Ordinária de 2023,https://www.pindamonhangaba.sp.leg.br/pautas/0/0/0/0/572#pesquisa
2023-10-31 17:10:00,Pauta da 38ª Sessão Ordinária de 2023,https://www.pindamonhangaba.sp.leg.br/pautas/0/0/0/0/571#pesquisa
2023-10-30 08:30:00,Pauta da 10ª Reunião Ordinária de Comissão de 2023 - (CECTE),https://www.pindamonhangaba.sp.leg.br/pautas/0/0/0/0/656#pesquisa
2023-10-26 09:00:00,Pauta da 1ª Reunião Ordinária de Comissão de 2023 - (CDHCSP),https://www.pindamonhangaba.sp.leg.br/pautas/0/0/0/0/685#pesquisa
2023-10-26 08:30:00,Pauta da 12ª Reunião Ordinária de Comissão de 2023 - (COSP),https://www.pindamonhangaba.sp.leg.br/pautas/0/0/0/0/644#pesquisa
2023-10-25 09:30:00,Pauta da 25ª Reunião Ordinária de Comissão de 2023 - (CSAS),https://www.pindamonhangaba.sp.leg.br/pautas/0/0/0/0/682#pesquisa
2023-10-25 09:00:00,Pauta da 34ª Reunião Ordinária de Comissão de 2023 - (CLJR),https://www.pindamonhangaba.sp.leg.br/pautas/0/0/0/0/627#pesquisa
2023-10-23 17:20:00,Pauta da 37ª Sessão Ordinária de 2023,https://www.pindamonhangaba.sp.leg.br/pautas/0/0/0/0/570#pesquisa
2023-10-18 09:00:00,Pauta da 33ª Reunião Ordinária de Comissão de 2023 - (CLJR),https://www.pindamonhangaba.sp.leg.br/pautas/0/0/0/0/626#pesquisa
2023-10-17 17:20:00,Pauta da 36ª Sessão Ordinária de 2023,https://www.pindamonhangaba.sp.leg.br/pautas/0/0/0/0/569#pesquisa
2023-10-11 09:30:00,Pauta da 24ª Reunião Ordinária de Comissão de 2023 - (CSAS),https://www.pindamonhangaba.sp.leg.br/pautas/0/0/0/0/681#pesquisa
2023-10-11 09:00:00,Pauta da 32ª Reunião Ordinária de Comissão de 2023 - (CLJR),https://www.pindamonhangaba.sp.leg.br/pautas/0/0/0/0/625#pesquisa
2023-10-09 17:07:00,Pauta da 35ª Sessão Ordinária de 2023,https://www.pindamonhangaba.sp.leg.br/pautas/0/0/0/0/568#pesquisa
2023-10-05 10:00:00,Pauta da 9ª Reunião Ordinária de Comissão de 2023 - (CECTE),https://www.pindamonhangaba.sp.leg.br/pautas/0/0/0/0/655#pesquisa
2023-10-04 09:30:00,Pauta da 23ª Reunião Ordinária de Comissão de 2023 - (CSAS),https://www.pindamonhangaba.sp.leg.br/pautas/0/0/0/0/680#pesquisa
2023-10-04 09:00:00,Pauta da 31ª Reunião Ordinária de Comissão de 2023 - (CLJR),https://www.pindamonhangaba.sp.leg.br/pautas/0/0/0/0/624#pesquisa
2023-10-02 17:10:00,Pauta da 34ª Sessão Ordinária de 2023,https://www.pindamonhangaba.sp.leg.br/pautas/0/0/0/0/567#pesquisa
2023-09-27 09:40:00,Pauta da 22ª Reunião Ordinária de Comissão de 2023 - (CSAS),https://www.pindamonhangaba.sp.leg.br/pautas/0/0/0/0/679#pesquisa
2023-09-27 09:20:00,Pauta da 11ª Reunião Ordinária de Comissão de 2023 - (CFO),https://www.pindamonhangaba.sp.leg.br/pautas/0/0/0/0/591#pesquisa
2023-09-27 09:00:00,Pauta da 30ª Reunião Ordinária de Comissão de 2023 - (CLJR),https://www.pindamonhangaba.sp.leg.br/pautas/0/0/0/0/623#pesquisa
2023-09-26 17:10:00,Pauta da 33ª Sessão Ordinária de 2023,https://www.pindamonhangaba.sp.leg.br/pautas/0/0/0/0/566#pesquisa
2023-09-20 11:00:00,Pauta da 21ª Reunião Ordinária de Comissão de 2023 - (CSAS),https://www.pindamonhangaba.sp.leg.br/pautas/0/0/0/0/678#pesquisa
2023-09-20 10:45:00,Pauta da 10ª Reunião Ordinária de Comissão de 2023 - (CFO),https://www.pindamonhangaba.sp.leg.br/pautas/0/0/0/0/590#pesquisa
2023-09-20 10:30:00,Pauta da 29ª Reunião Ordinária de Comissão de 2023 - (CLJR),https://www.pindamonhangaba.sp.leg.br/pautas/0/0/0/0/622#pesquisa
2023-09-19 17:17:00,Pauta da 32ª Sessão Ordinária de 2023,https://www.pindamonhangaba.sp.leg.br/pautas/0/0/0/0/565#pesquisa
2023-09-13 16:30:00,Pauta da 8ª Reunião Ordinária de Comissão de 2023 - (CECTE),https://www.pindamonhangaba.sp.leg.br/pautas/0/0/0/0/654#pesquisa
2023-09-13 10:00:00,Pauta da 11ª Reunião Ordinária de Comissão de 2023 - (COSP),https://www.pindamonhangaba.sp.leg.br/pautas/0/0/0/0/643#pesquisa
2023-09-13 09:45:00,Pauta da 9ª Reunião Ordinária de Comissão de 2023 - (CFO),https://www.pindamonhangaba.sp.leg.br/pautas/0/0/0/0/589#pesquisa
2023-09-13 09:00:00,Pauta da 28ª Reunião Ordinária de Comissão de 2023 - (CLJR),https://www.pindamonhangaba.sp.leg.br/pautas/0/0/0/0/621#pesquisa
2023-09-12 17:10:00,Pauta da 31ª Sessão Ordinária de 2023,https://www.pindamonhangaba.sp.leg.br/pautas/0/0/0/0/564#pesquisa
2023-09-05 17:05:00,Pauta da 30ª Sessão Ordinária de 2023,https://www.pindamonhangaba.sp.leg.br/pautas/0/0/0/0/563#pesquisa
2023-08-30 11:30:00,Pauta da 7ª Reunião Ordinária de Comissão de 2023 - (CECTE),https://www.pindamonhangaba.sp.leg.br/pautas/0/0/0/0/653#pesquisa
2023-08-30 11:00:00,Pauta da 10ª Reunião Ordinária de Comissão de 2023 - (COSP),https://www.pindamonhangaba.sp.leg.br/pautas/0/0/0/0/642#pesquisa
2023-08-30 09:30:00,Pauta da 20ª Reunião Ordinária de Comissão de 2023 - (CSAS),https://www.pindamonhangaba.sp.leg.br/pautas/0/0/0/0/677#pesquisa
2023-08-30 09:00:00,Pauta da 27ª Reunião Ordinária de Comissão de 2023 - (CLJR),https://www.pindamonhangaba.sp.leg.br/pautas/0/0/0/0/620#pesquisa
2023-08-29 17:10:00,Pauta da 29ª Sessão Ordinária de 2023,https://www.pindamonhangaba.sp.leg.br/pautas/0/0/0/0/562#pesquisa
2023-08-23 09:30:00,Pauta da 19ª Reunião Ordinária de Comissão de 2023 - (CSAS),https://www.pindamonhangaba.sp.leg.br/pautas/0/0/0/0/676#pesquisa
2023-08-23 09:00:00,Pauta da 26ª Reunião Ordinária de Comissão de 2023 - (CLJR),https://www.pindamonhangaba.sp.leg.br/pautas/0/0/0/0/619#pesquisa
2023-08-22 14:10:00,Pauta da 28ª Sessão Ordinária de 2023,https://www.pindamonhangaba.sp.leg.br/pautas/0/0/0/0/561#pesquisa
2023-08-15 17:10:00,Pauta da 27ª Sessão Ordinária de 2023,https://www.pindamonhangaba.sp.leg.br/pautas/0/0/0/0/560#pesquisa
2023-08-09 15:00:00,Pauta da 9ª Reunião Ordinária de Comissão de 2023 - (COSP),https://www.pindamonhangaba.sp.leg.br/pautas/0/0/0/0/641#pesquisa
2023-08-09 09:30:00,Pauta da 18ª Reunião Ordinária de Comissão de 2023 - (CSAS),https://www.pindamonhangaba.sp.leg.br/pautas/0/0/0/0/675#pesquisa
2023-08-09 09:00:00,Pauta da 25ª Reunião Ordinária de Comissão de 2023 - (CLJR),https://www.pindamonhangaba.sp.leg.br/pautas/0/0/0/0/618#pesquisa
2023-08-07 17:05:00,Pauta da 26ª Sessão Ordinária de 2023,https://www.pindamonhangaba.sp.leg.br/pautas/0/0/0/0/559#pesquisa
2023-08-02 09:30:00,Pauta da 17ª Reunião Ordinária de Comissão de 2023 - (CSAS),https://www.pindamonhangaba.sp.leg.br/pautas/0/0/0/0/674#pesquisa
2023-08-02 09:00:00,Pauta da 24ª Reunião Ordinária de Comissão de 2023 - (CLJR),https://www.pindamonhangaba.sp.leg.br/pautas/0/0/0/0/617#pesquisa
2023-08-01 17:03:00,Pauta da 25ª Sessão Ordinária de 2023,https://www.pindamonhangaba.sp.leg.br/pautas/0/0/0/0/558#pesquisa
2023-07-11 17:20:00,Pauta da 24ª Sessão Ordinária de 2023,https://www.pindamonhangaba.sp.leg.br/pautas/0/0/0/0/557#pesquisa
2023-07-05 14:00:00,Pauta da 6ª Reunião Ordinária de Comissão de 2023 - (CECTE),https://www.pindamonhangaba.sp.leg.br/pautas/0/0/0/0/652#pesquisa
2023-07-05 10:00:00,Pauta da 23ª Reunião Ordinária de Comissão de 2023 - (CLJR),https://www.pindamonhangaba.sp.leg.br/pautas/0/0/0/0/616#pesquisa
2023-07-05 09:30:00,Pauta da 16ª Reunião Ordinária de Comissão de 2023 - (CSAS),https://www.pindamonhangaba.sp.leg.br/pautas/0/0/0/0/673#pesquisa
2023-07-04 17:20:00,Pauta da 23ª Sessão Ordinária de 2023,https://www.pindamonhangaba.sp.leg.br/pautas/0/0/0/0/556#pesquisa
2023-06-28 09:30:00,Pauta da 15ª Reunião Ordinária de Comissão de 2023 - (CSAS),https://www.pindamonhangaba.sp.leg.br/pautas/0/0/0/0/672#pesquisa
2023-06-28 09:00:00,Pauta da 22ª Reunião Ordinária de Comissão de 2023 - (CLJR),https://www.pindamonhangaba.sp.leg.br/pautas/0/0/0/0/615#pesquisa
2023-06-27 17:20:00,Pauta da 22ª Sessão Ordinária de 2023,https://www.pindamonhangaba.sp.leg.br/pautas/0/0/0/0/555#pesquisa
2023-06-21 14:00:00,Pauta da 5ª Reunião Ordinária de Comissão de 2023 - (CECTE),https://www.pindamonhangaba.sp.leg.br/pautas/0/0/0/0/651#pesquisa
2023-06-21 11:30:00,Pauta da 8ª Reunião Ordinária de Comissão de 2023 - (CFO),https://www.pindamonhangaba.sp.leg.br/pautas/0/0/0/0/588#pesquisa
2023-06-21 11:20:00,Pauta da 14ª Reunião Ordinária de Comissão de 2023 - (CSAS),https://www.pindamonhangaba.sp.leg.br/pautas/0/0/0/0/671#pesquisa
2023-06-21 11:00:00,Pauta da 21ª Reunião Ordinária de Comissão de 2023 - (CLJR),https://www.pindamonhangaba.sp.leg.br/pautas/0/0/0/0/614#pesquisa
2023-06-19 17:15:00,Pauta da 21ª Sessão Ordinária de 2023,https://www.pindamonhangaba.sp.leg.br/pautas/0/0/0/0/554#pesquisa
2023-06-14 09:00:00,Pauta da 20ª Reunião Ordinária de Comissão de 2023 - (CLJR),https://www.pindamonhangaba.sp.leg.br/pautas/0/0/0/0/613#pesquisa
2023-06-13 17:15:00,Pauta da 20ª Sessão Ordinária de 2023,https://www.pindamonhangaba.sp.leg.br/pautas/0/0/0/0/553#pesquisa
2023-06-13 16:50:00,Pauta da 8ª Reunião Ordinária de Comissão de 2023 - (COSP),https://www.pindamonhangaba.sp.leg.br/pautas/0/0/0/0/640#pesquisa
2023-06-13 16:30:00,Pauta da 4ª Reunião Ordinária de Comissão de 2023 - (CECTE),https://www.pindamonhangaba.sp.leg.br/pautas/0/0/0/0/650#pesquisa
2023-06-07 10:00:00,Pauta da 7ª Reunião Ordinária de Comissão de 2023 - (COSP),https://www.pindamonhangaba.sp.leg.br/pautas/0/0/0/0/639#pesquisa
2023-06-07 09:30:00,Pauta da 13ª Reunião Ordinária de Comissão de 2023 - (CSAS),https://www.pindamonhangaba.sp.leg.br/pautas/0/0/0/0/670#pesquisa
2023-06-07 09:00:00,Pauta da 19ª Reunião Ordinária de Comissão de 2023 - (CLJR),https://www.pindamonhangaba.sp.leg.br/pautas/0/0/0/0/612#pesquisa
2023-06-06 17:10:00,Pauta da 19ª Sessão Ordinária de 2023,https://www.pindamonhangaba.sp.leg.br/pautas/0/0/0/0/552#pesquisa
2023-05-31 09:30:00,Pauta da 12ª Reunião Ordinária de Comissão de 2023 - (CSAS),https://www.pindamonhangaba.sp.leg.br/pautas/0/0/0/0/669#pesquisa
2023-05-31 09:00:00,Pauta da 18ª Reunião Ordinária de Comissão de 2023 - (CLJR),https://www.pindamonhangaba.sp.leg.br/pautas/0/0/0/0/611#pesquisa
2023-05-30 17:05:00,Pauta da 18ª Sessão Ordinária de 2023,https://www.pindamonhangaba.sp.leg.br/pautas/0/0/0/0/551#pesquisa
2023-05-24 09:30:00,Pauta da 11ª Reunião Ordinária de Comissão de 2023 - (CSAS),https://www.pindamonhangaba.sp.leg.br/pautas/0/0/0/0/668#pesquisa
2023-05-24 09:00:00,Pauta da 17ª Reunião Ordinária de Comissão de 2023 - (CLJR),https://www.pindamonhangaba.sp.leg.br/pautas/0/0/0/0/610#pesquisa
2023-05-23 17:10:00,Pauta da 17ª Sessão Ordinária de 2023,https://www.pindamonhangaba.sp.leg.br/pautas/0/0/0/0/550#pesquisa
2023-05-23 16:30:00,Pauta da 6ª Reunião Ordinária de Comissão de 2023 - (COSP),https://www.pindamonhangaba.sp.leg.br/pautas/0/0/0/0/638#pesquisa
2023-05-17 09:00:00,Pauta da 16ª Reunião Ordinária de Comissão de 2023 - (CLJR),https://www.pindamonhangaba.sp.leg.br/pautas/0/0/0/0/609#pesquisa
2023-05-16 17:05:00,Pauta da 16ª Sessão Ordinária de 2023,https://www.pindamonhangaba.sp.leg.br/pautas/0/0/0/0/549#pesquisa
2023-05-10 09:00:00,Pauta da 15ª Reunião Ordinária de Comissão de 2023 - (CLJR),https://www.pindamonhangaba.sp.leg.br/pautas/0/0/0/0/608#pesquisa
2023-05-09 17:15:00,Pauta da 15ª Sessão Ordinária de 2023,https://www.pindamonhangaba.sp.leg.br/pautas/0/0/0/0/548#pesquisa
2023-05-05 11:00:00,Pauta da 3ª Reunião Ordinária de Comissão de 2023 - (CECTE),https://www.pindamonhangaba.sp.leg.br/pautas/0/0/0/0/649#pesquisa
2023-05-03 10:00:00,Pauta da 10ª Reunião Ordinária de Comissão de 2023 - (CSAS),https://www.pindamonhangaba.sp.leg.br/pautas/0/0/0/0/667#pesquisa
2023-05-03 09:30:00,Pauta da 7ª Reunião Ordinária de Comissão de 2023 - (CFO),https://www.pindamonhangaba.sp.leg.br/pautas/0/0/0/0/587#pesquisa
2023-05-03 09:00:00,Pauta da 14ª Reunião Ordinária de Comissão de 2023 - (CLJR),https://www.pindamonhangaba.sp.leg.br/pautas/0/0/0/0/607#pesquisa
2023-05-02 17:14:00,Pauta da 14ª Sessão Ordinária de 2023,https://www.pindamonhangaba.sp.leg.br/pautas/0/0/0/0/547#pesquisa
2023-04-26 10:00:00,Pauta da 5ª Reunião Ordinária de Comissão de 2023 - (COSP),https://www.pindamonhangaba.sp.leg.br/pautas/0/0/0/0/637#pesquisa
2023-04-26 09:30:00,Pauta da 9ª Reunião Ordinária de Comissão de 2023 - (CSAS),https://www.pindamonhangaba.sp.leg.br/pautas/0/0/0/0/666#pesquisa
2023-04-26 09:00:00,Pauta da 13ª Reunião Ordinária de Comissão de 2023 - (CLJR),https://www.pindamonhangaba.sp.leg.br/pautas/0/0/0/0/606#pesquisa
2023-04-25 17:13:00,Pauta da 13ª Sessão Ordinária de 2023,https://www.pindamonhangaba.sp.leg.br/pautas/0/0/0/0/546#pesquisa
2023-04-25 16:45:00,Pauta da 1ª Reunião Ordinária de Comissão de 2023 - (COMICITEC),https://www.pindamonhangaba.sp.leg.br/pautas/0/0/0/0/686#pesquisa
2023-04-19 10:00:00,Pauta da 6ª Reunião Ordinária de Comissão de 2023 - (CFO),https://www.pindamonhangaba.sp.leg.br/pautas/0/0/0/0/586#pesquisa
2023-04-19 09:30:00,Pauta da 8ª Reunião Ordinária de Comissão de 2023 - (CSAS),https://www.pindamonhangaba.sp.leg.br/pautas/0/0/0/0/665#pesquisa
2023-04-19 09:00:00,Pauta da 12ª Reunião Ordinária de Comissão de 2023 - (CLJR),https://www.pindamonhangaba.sp.leg.br/pautas/0/0/0/0/605#pesquisa
2023-04-18 17:05:00,Pauta da 12ª Sessão Ordinária de 2023,https://www.pindamonhangaba.sp.leg.br/pautas/0/0/0/0/545#pesquisa
2023-04-12 10:00:00,Pauta da 7ª Reunião Ordinária de Comissão de 2023 - (CSAS),https://www.pindamonhangaba.sp.leg.br/pautas/0/0/0/0/664#pesquisa
2023-04-12 09:00:00,Pauta da 11ª Reunião Ordinária de Comissão de 2023 - (CLJR),https://www.pindamonhangaba.sp.leg.br/pautas/0/0/0/0/604#pesquisa
2023-04-11 17:10:00,Pauta da 11ª Sessão Ordinária de 2023,https://www.pindamonhangaba.sp.leg.br/pautas/0/0/0/0/544#pesquisa
2023-04-05 09:00:00,Pauta da 10ª Reunião Ordinária de Comissão de 2023 - (CLJR),https://www.pindamonhangaba.sp.leg.br/pautas/0/0/0/0/603#pesquisa
2023-04-04 17:00:00,Pauta da 10ª Sessão Ordinária de 2023,https://www.pindamonhangaba.sp.leg.br/pautas/0/0/0/0/543#pesquisa
2023-03-30 11:00:00,Pauta da 2ª Reunião Ordinária de Comissão de 2023 - (CECTE),https://www.pindamonhangaba.sp.leg.br/pautas/0/0/0/0/648#pesquisa
2023-03-29 10:00:00,Pauta da 5ª Reunião Ordinária de Comissão de 2023 - (CFO),https://www.pindamonhangaba.sp.leg.br/pautas/0/0/0/0/585#pesquisa
2023-03-29 09:00:00,Pauta da 9ª Reunião Ordinária de Comissão de 2023 - (CLJR),https://www.pindamonhangaba.sp.leg.br/pautas/0/0/0/0/602#pesquisa
2023-03-28 17:05:00,Pauta da 9ª Sessão Ordinária de 2023,https://www.pindamonhangaba.sp.leg.br/pautas/0/0/0/0/542#pesquisa
2023-03-28 16:30:00,Pauta da 4ª Reunião Ordinária de Comissão de 2023 - (COSP),https://www.pindamonhangaba.sp.leg.br/pautas/0/0/0/0/636#pesquisa
2023-03-22 10:30:00,Pauta da 3ª Reunião Ordinária de Comissão de 2023 - (COSP),https://www.pindamonhangaba.sp.leg.br/pautas/0/0/0/0/635#pesquisa
2023-03-22 10:00:00,Pauta da 6ª Reunião Ordinária de Comissão de 2023 - (CSAS),https://www.pindamonhangaba.sp.leg.br/pautas/0/0/0/0/663#pesquisa
2023-03-22 09:00:00,Pauta da 8ª Reunião Ordinária de Comissão de 2023 - (CLJR),https://www.pindamonhangaba.sp.leg.br/pautas/0/0/0/0/601#pesquisa
2023-03-21 17:10:00,Pauta da 8ª Sessão Ordinária de 2023,https://www.pindamonhangaba.sp.leg.br/pautas/0/0/0/0/541#pesquisa
2023-03-16 15:00:00,Pauta da 1ª Reunião Ordinária de Comissão de 2023 - (CECTE),https://www.pindamonhangaba.sp.leg.br/pautas/0/0/0/0/647#pesquisa
2023-03-15 09:30:00,Pauta da 4ª Reunião Ordinária de Comissão de 2023 - (CFO),https://www.pindamonhangaba.sp.leg.br/pautas/0/0/0/0/583#pesquisa
2023-03-15 09:00:00,Pauta da 7ª Reunião Ordinária de Comissão de 2023 - (CLJR),https://www.pindamonhangaba.sp.leg.br/pautas/0/0/0/0/600#pesquisa
2023-03-14 17:10:00,Pauta da 7ª Sessão Ordinária de 2023,https://www.pindamonhangaba.sp.leg.br/pautas/0/0/0/0/540#pesquisa
2023-03-08 09:00:00,Pauta da 6ª Reunião Ordinária de Comissão de 2023 - (CLJR),https://www.pindamonhangaba.sp.leg.br/pautas/0/0/0/0/599#pesquisa
2023-03-07 17:05:00,Pauta da 6ª Sessão Ordinária de 2023,https://www.pindamonhangaba.sp.leg.br/pautas/0/0/0/0/539#pesquisa
2023-03-07 16:30:00,Pauta da 2ª Reunião Ordinária de Comissão de 2023 - (COSP),https://www.pindamonhangaba.sp.leg.br/pautas/0/0/0/0/634#pesquisa
2023-03-01 11:00:00,Pauta da 5ª Reunião Ordinária de Comissão de 2023 - (CSAS),https://www.pindamonhangaba.sp.leg.br/pautas/0/0/0/0/662#pesquisa
2023-03-01 10:30:00,Pauta da 1ª Reunião Ordinária de Comissão de 2023 - (COSP),https://www.pindamonhangaba.sp.leg.br/pautas/0/0/0/0/633#pesquisa
2023-03-01 09:45:00,Pauta da 3ª Reunião Ordinária de Comissão de 2023 - (CFO),https://www.pindamonhangaba.sp.leg.br/pautas/0/0/0/0/584#pesquisa
2023-03-01 09:00:00,Pauta da 5ª Reunião Ordinária de Comissão de 2023 - (CLJR),https://www.pindamonhangaba.sp.leg.br/pautas/0/0/0/0/598#pesquisa
2023-02-28 17:05:00,Pauta da 5ª Sessão Ordinária de 2023,https://www.pindamonhangaba.sp.leg.br/pautas/0/0/0/0/538#pesquisa
2023-02-23 17:10:00,Pauta da 4ª Sessão Ordinária de 2023,https://www.pindamonhangaba.sp.leg.br/pautas/0/0/0/0/537#pesquisa
2023-02-15 11:00:00,Pauta da 4ª Reunião Ordinária de Comissão de 2023 - (CSAS),https://www.pindamonhangaba.sp.leg.br/pautas/0/0/0/0/661#pesquisa
2023-02-15 10:00:00,Pauta da 2ª Reunião Ordinária de Comissão de 2023 - (CFO),https://www.pindamonhangaba.sp.leg.br/pautas/0/0/0/0/582#pesquisa
2023-02-15 09:00:00,Pauta da 4ª Reunião Ordinária de Comissão de 2023 - (CLJR),https://www.pindamonhangaba.sp.leg.br/pautas/0/0/0/0/597#pesquisa
2023-02-14 17:03:00,Pauta da 3ª Sessão Ordinária de 2023,https://www.pindamonhangaba.sp.leg.br/pautas/0/0/0/0/536#pesquisa
2023-02-08 11:00:00,Pauta da 3ª Reunião Ordinária de Comissão de 2023 - (CSAS),https://www.pindamonhangaba.sp.leg.br/pautas/0/0/0/0/660#pesquisa
2023-02-08 09:00:00,Pauta da 3ª Reunião Ordinária de Comissão de 2023 - (CLJR),https://www.pindamonhangaba.sp.leg.br/pautas/0/0/0/0/596#pesquisa
2023-02-07 17:10:00,Pauta da 2ª Sessão Ordinária de 2023,https://www.pindamonhangaba.sp.leg.br/pautas/0/0/0/0/535#pesquisa
2023-02-01 11:00:00,Pauta da 2ª Reunião Ordinária de Comissão de 2023 - (CSAS),https://www.pindamonhangaba.sp.leg.br/pautas/0/0/0/0/659#pesquisa
2023-02-01 10:45:00,Pauta da 1ª Reunião Ordinária de Comissão de 2023 - (CFO),https://www.pindamonhangaba.sp.leg.br/pautas/0/0/0/0/581#pesquisa
2023-02-01 09:00:00,Pauta da 2ª Reunião Ordinária de Comissão de 2023 - (CLJR),https://www.pindamonhangaba.sp.leg.br/pautas/0/0/0/0/595#pesquisa
2023-01-31 19:40:00,Pauta da 1ª Sessão Ordinária de 2023,https://www.pindamonhangaba.sp.leg.br/pautas/0/0/0/0/534#pesquisa
2023-01-26 15:00:00,Pauta da 1ª Reunião Ordinária de Comissão de 2023 - (CLJR),https://www.pindamonhangaba.sp.leg.br/pautas/0/0/0/0/594#pesquisa
2023-01-25 10:20:00,Pauta da 1ª Reunião Ordinária de Comissão de 2023 - (CSAS),https://www.pindamonhangaba.sp.leg.br/pautas/0/0/0/0/658#pesquisa
2023-01-18 09:20:00,Pauta da 1ª Sessão Extraordinária de 2023,https://www.pindamonhangaba.sp.leg.br/pautas/0/0/0/0/533#pesquisa
2022-12-20 17:15:00,Pauta da 45ª Sessão Ordinária de 2022,https://www.pindamonhangaba.sp.leg.br/pautas/0/0/0/0/531#pesquisa
2022-12-14 17:30:00,Pauta da 44ª Sessão Ordinária de 2022,https://www.pindamonhangaba.sp.leg.br/pautas/0/0/0/0/530#pesquisa
2022-12-06 19:20:00,Pauta da 3ª Sessão Extraordinária de 2022,https://www.pindamonhangaba.sp.leg.br/pautas/0/0/0/0/532#pesquisa
2022-12-06 18:15:00,Pauta da 43ª Sessão Ordinária de 2022,https://www.pindamonhangaba.sp.leg.br/pautas/0/0/0/0/529#pesquisa
2022-11-29 17:20:00,Pauta da 42ª Sessão Ordinária de 2022,https://www.pindamonhangaba.sp.leg.br/pautas/0/0/0/0/528#pesquisa
2022-11-22 17:15:00,Pauta da 41ª Sessão Ordinária de 2022,https://www.pindamonhangaba.sp.leg.br/pautas/0/0/0/0/527#pesquisa
2022-11-16 17:00:00,Pauta da 40ª Sessão Ordinária de 2022,https://www.pindamonhangaba.sp.leg.br/pautas/0/0/0/0/526#pesquisa
2022-11-08 17:20:00,Pauta da 39ª Sessão Ordinária de 2022,https://www.pindamonhangaba.sp.leg.br/pautas/0/0/0/0/525#pesquisa
2022-11-01 17:15:00,Pauta da 38ª Sessão Ordinária de 2022,https://www.pindamonhangaba.sp.leg.br/pautas/0/0/0/0/524#pesquisa
2022-10-25 17:15:00,Pauta da 37ª Sessão Ordinária de 2022,https://www.pindamonhangaba.sp.leg.br/pautas/0/0/0/0/523#pesquisa
2022-10-18 17:05:00,Pauta da 36ª Sessão Ordinária de 2022,https://www.pindamonhangaba.sp.leg.br/pautas/0/0/0/0/522#pesquisa
2022-10-11 17:10:00,Pauta da 35ª Sessão Ordinária de 2022,https://www.pindamonhangaba.sp.leg.br/pautas/0/0/0/0/521#pesquisa
2022-10-04 17:15:00,Pauta da 34ª Sessão Ordinária de 2022,https://www.pindamonhangaba.sp.leg.br/pautas/0/0/0/0/520#pesquisa
2022-09-27 17:10:00,Pauta da 33ª Sessão Ordinária de 2022,https://www.pindamonhangaba.sp.leg.br/pautas/0/0/0/0/519#pesquisa
2022-09-20 17:15:00,Pauta da 32ª Sessão Ordinária de 2022,https://www.pindamonhangaba.sp.leg.br/pautas/0/0/0/0/518#pesquisa
2022-09-13 15:50:00,Pauta da 31ª Sessão Ordinária de 2022,https://www.pindamonhangaba.sp.leg.br/pautas/0/0/0/0/517#pesquisa
2022-09-05 18:10:00,Pauta da 30ª Sessão Ordinária de 2022,https://www.pindamonhangaba.sp.leg.br/pautas/0/0/0/0/516#pesquisa
2022-08-29 18:25:00,Pauta da 29ª Sessão Ordinária de 2022,https://www.pindamonhangaba.sp.leg.br/pautas/0/0/0/0/515#pesquisa
2022-08-22 18:20:00,Pauta da 28ª Sessão Ordinária de 2022,https://www.pindamonhangaba.sp.leg.br/pautas/0/0/0/0/514#pesquisa
2022-08-15 18:25:00,Pauta da 27ª Sessão Ordinária de 2022,https://www.pindamonhangaba.sp.leg.br/pautas/0/0/0/0/513#pesquisa
2022-08-08 18:15:00,Pauta da 26ª Sessão Ordinária de 2022,https://www.pindamonhangaba.sp.leg.br/pautas/0/0/0/0/512#pesquisa
2022-08-01 18:15:00,Pauta da 25ª Sessão Ordinária de 2022,https://www.pindamonhangaba.sp.leg.br/pautas/0/0/0/0/511#pesquisa
2022-07-11 14:15:00,Pauta da 24ª Sessão Ordinária de 2022,https://www.pindamonhangaba.sp.leg.br/pautas/0/0/0/0/510#pesquisa
2022-07-04 14:18:00,Pauta da 23ª Sessão Ordinária de 2022,https://www.pindamonhangaba.sp.leg.br/pautas/0/0/0/0/509#pesquisa
2022-06-27 14:20:00,Pauta da 22ª Sessão Ordinária de 2022,https://www.pindamonhangaba.sp.leg.br/pautas/0/0/0/0/508#pesquisa
2022-06-23 10:15:00,Pauta da 2ª Sessão Extraordinária de 2022,https://www.pindamonhangaba.sp.leg.br/pautas/0/0/0/0/507#pesquisa
2022-06-20 14:15:00,Pauta da 21ª Sessão Ordinária de 2022,https://www.pindamonhangaba.sp.leg.br/pautas/0/0/0/0/506#pesquisa
2022-06-13 14:15:00,Pauta da 20ª Sessão Ordinária de 2022,https://www.pindamonhangaba.sp.leg.br/pautas/0/0/0/0/505#pesquisa
2022-06-06 14:20:00,Pauta da 19ª Sessão Ordinária de 2022,https://www.pindamonhangaba.sp.leg.br/pautas/0/0/0/0/504#pesquisa
2022-05-30 14:10:00,Pauta da 18ª Sessão Ordinária de 2022,https://www.pindamonhangaba.sp.leg.br/pautas/0/0/0/0/503#pesquisa
2022-05-23 14:20:00,Pauta da 17ª Sessão Ordinária de 2022,https://www.pindamonhangaba.sp.leg.br/pautas/0/0/0/0/502#pesquisa
2022-05-16 14:30:00,Pauta da 16ª Sessão Ordinária de 2022,https://www.pindamonhangaba.sp.leg.br/pautas/0/0/0/0/501#pesquisa
2022-05-09 14:20:00,Pauta da 15ª Sessão Ordinária de 2022,https://www.pindamonhangaba.sp.leg.br/pautas/0/0/0/0/500#pesquisa
2022-05-02 14:20:00,Pauta da 14ª Sessão Ordinária de 2022,https://www.pindamonhangaba.sp.leg.br/pautas/0/0/0/0/499#pesquisa
2022-04-25 14:25:00,Pauta da 13ª Sessão Ordinária de 2022,https://www.pindamonhangaba.sp.leg.br/pautas/0/0/0/0/498#pesquisa
2022-04-19 14:20:00,Pauta da 12ª Sessão Ordinária de 2022,https://www.pindamonhangaba.sp.leg.br/pautas/0/0/0/0/497#pesquisa
2022-04-11 14:35:00,Pauta da 11ª Sessão Ordinária de 2022,https://www.pindamonhangaba.sp.leg.br/pautas/0/0/0/0/496#pesquisa
2022-04-04 14:00:00,Pauta da 10ª Sessão Ordinária de 2022,https://www.pindamonhangaba.sp.leg.br/pautas/0/0/0/0/495#pesquisa
2022-03-28 14:20:00,Pauta da 9ª Sessão Ordinária de 2022,https://www.pindamonhangaba.sp.leg.br/pautas/0/0/0/0/494#pesquisa
2022-03-21 14:20:00,Pauta da 8ª Sessão Ordinária de 2022,https://www.pindamonhangaba.sp.leg.br/pautas/0/0/0/0/493#pesquisa
2022-03-14 14:44:00,Pauta da 7ª Sessão Ordinária de 2022,https://www.pindamonhangaba.sp.leg.br/pautas/0/0/0/0/492#pesquisa
2022-03-07 14:20:00,Pauta da 6ª Sessão Ordinária de 2022,https://www.pindamonhangaba.sp.leg.br/pautas/0/0/0/0/491#pesquisa
2022-03-03 10:15:00,Pauta da 5ª Sessão Ordinária de 2022,https://www.pindamonhangaba.sp.leg.br/pautas/0/0/0/0/490#pesquisa
2022-02-21 14:23:00,Pauta da 4ª Sessão Ordinária de 2022,https://www.pindamonhangaba.sp.leg.br/pautas/0/0/0/0/489#pesquisa
2022-02-14 14:25:00,Pauta da 3ª Sessão Ordinária de 2022,https://www.pindamonhangaba.sp.leg.br/pautas/0/0/0/0/488#pesquisa
2022-02-07 14:25:00,Pauta da 2ª Sessão Ordinária de 2022,https://www.pindamonhangaba.sp.leg.br/pautas/0/0/0/0/487#pesquisa
2022-01-31 14:40:00,Pauta da 1ª Sessão Ordinária de 2022,https://www.pindamonhangaba.sp.leg.br/pautas/0/0/0/0/486#pesquisa
2022-01-14 10:57:00,Pauta da 1ª Sessão Extraordinária de 2022,https://www.pindamonhangaba.sp.leg.br/pautas/0/0/0/0/485#pesquisa
2021-12-20 14:35:00,Pauta da 46ª Sessão Ordinária de 2021,https://www.pindamonhangaba.sp.leg.br/pautas/0/0/0/0/484#pesquisa
2021-12-13 14:25:00,Pauta da 45ª Sessão Ordinária de 2021,https://www.pindamonhangaba.sp.leg.br/pautas/0/0/0/0/483#pesquisa
2021-12-06 14:25:00,Pauta da 44ª Sessão Ordinária de 2021,https://www.pindamonhangaba.sp.leg.br/pautas/0/0/0/0/482#pesquisa
2021-11-29 14:21:00,Pauta da 43ª Sessão Ordinária de 2021,https://www.pindamonhangaba.sp.leg.br/pautas/0/0/0/0/481#pesquisa
2021-11-25 08:30:00,Pauta da 3ª Sessão Extraordinária de 2021,https://www.pindamonhangaba.sp.leg.br/pautas/0/0/0/0/480#pesquisa
2021-11-22 14:15:00,Pauta da 42ª Sessão Ordinária de 2021,https://www.pindamonhangaba.sp.leg.br/pautas/0/0/0/0/479#pesquisa
2021-11-18 14:20:00,Pauta da 41ª Sessão Ordinária de 2021,https://www.pindamonhangaba.sp.leg.br/pautas/0/0/0/0/478#pesquisa
2021-11-08 14:20:00,Pauta da 40ª Sessão Ordinária de 2021,https://www.pindamonhangaba.sp.leg.br/pautas/0/0/0/0/477#pesquisa
2021-11-04 14:30:00,Pauta da 39ª Sessão Ordinária de 2021,https://www.pindamonhangaba.sp.leg.br/pautas/0/0/0/0/476#pesquisa
2021-10-25 14:20:00,Pauta da 38ª Sessão Ordinária de 2021,https://www.pindamonhangaba.sp.leg.br/pautas/0/0/0/0/475#pesquisa
2021-10-18 14:15:00,Pauta da 37ª Sessão Ordinária de 2021,https://www.pindamonhangaba.sp.leg.br/pautas/0/0/0/0/474#pesquisa
2021-10-14 16:25:00,Pauta da 36ª Sessão Ordinária de 2021,https://www.pindamonhangaba.sp.leg.br/pautas/0/0/0/0/473#pesquisa
2021-10-04 14:20:00,Pauta da 35ª Sessão Ordinária de 2021,https://www.pindamonhangaba.sp.leg.br/pautas/0/0/0/0/472#pesquisa
2021-09-27 14:10:00,Pauta da 34ª Sessão Ordinária de 2021,https://www.pindamonhangaba.sp.leg.br/pautas/0/0/0/0/471#pesquisa
2021-09-20 14:10:00,Pauta da 33ª Sessão Ordinária de 2021,https://www.pindamonhangaba.sp.leg.br/pautas/0/0/0/0/470#pesquisa
2021-09-13 14:15:00,Pauta da 32ª Sessão Ordinária de 2021,https://www.pindamonhangaba.sp.leg.br/pautas/0/0/0/0/469#pesquisa
2021-09-09 14:15:00,Pauta da 31ª Sessão Ordinária de 2021,https://www.pindamonhangaba.sp.leg.br/pautas/0/0/0/0/468#pesquisa
2021-08-30 14:30:00,Pauta da 30ª Sessão Ordinária de 2021,https://www.pindamonhangaba.sp.leg.br/pautas/0/0/0/0/467#pesquisa
2021-08-23 14:10:00,Pauta da 29ª Sessão Ordinária de 2021,https://www.pindamonhangaba.sp.leg.br/pautas/0/0/0/0/466#pesquisa
2021-08-16 14:15:00,Pauta da 28ª Sessão Ordinária de 2021,https://www.pindamonhangaba.sp.leg.br/pautas/0/0/0/0/465#pesquisa
2021-08-09 14:20:00,Pauta da 27ª Sessão Ordinária de 2021,https://www.pindamonhangaba.sp.leg.br/pautas/0/0/0/0/464#pesquisa
2021-08-02 14:10:00,Pauta da 26ª Sessão Ordinária de 2021,https://www.pindamonhangaba.sp.leg.br/pautas/0/0/0/0/463#pesquisa
2021-07-14 09:20:00,Pauta da 2ª Sessão Extraordinária de 2021,https://www.pindamonhangaba.sp.leg.br/pautas/0/0/0/0/462#pesquisa
2021-07-12 14:10:00,Pauta da 25ª Sessão Ordinária de 2021,https://www.pindamonhangaba.sp.leg.br/pautas/0/0/0/0/461#pesquisa
2021-07-05 14:10:00,Pauta da 24ª Sessão Ordinária de 2021,https://www.pindamonhangaba.sp.leg.br/pautas/0/0/0/0/460#pesquisa
2021-06-28 14:10:00,Pauta da 23ª Sessão Ordinária de 2021,https://www.pindamonhangaba.sp.leg.br/pautas/0/0/0/0/459#pesquisa
2021-06-21 14:15:00,Pauta da 22ª Sessão Ordinária de 2021,https://www.pindamonhangaba.sp.leg.br/pautas/0/0/0/0/458#pesquisa
2021-06-14 14:10:00,Pauta da 21ª Sessão Ordinária de 2021,https://www.pindamonhangaba.sp.leg.br/pautas/0/0/0/0/457#pesquisa
2021-06-07 14:15:00,Pauta da 20ª Sessão Ordinária de 2021,https://www.pindamonhangaba.sp.leg.br/pautas/0/0/0/0/456#pesquisa
2021-05-31 14:15:00,Pauta da 19ª Sessão Ordinária de 2021,https://www.pindamonhangaba.sp.leg.br/pautas/0/0/0/0/455#pesquisa
2021-05-24 14:20:00,Pauta da 18ª Sessão Ordinária de 2021,https://www.pindamonhangaba.sp.leg.br/pautas/0/0/0/0/454#pesquisa
2021-05-17 14:15:00,Pauta da 17ª Sessão Ordinária de 2021,https://www.pindamonhangaba.sp.leg.br/pautas/0/0/0/0/453#pesquisa
2021-05-10 14:20:00,Pauta da 16ª Sessão Ordinária de 2021,https://www.pindamonhangaba.sp.leg.br/pautas/0/0/0/0/452#pesquisa
2021-05-03 14:15:00,Pauta da 15ª Sessão Ordinária de 2021,https://www.pindamonhangaba.sp.leg.br/pautas/0/0/0/0/451#pesquisa
2021-04-26 14:00:00,Pauta da 14ª Sessão Ordinária de 2021,https://www.pindamonhangaba.sp.leg.br/pautas/0/0/0/0/450#pesquisa
2021-04-22 14:20:00,Pauta da 13ª Sessão Ordinária de 2021,https://www.pindamonhangaba.sp.leg.br/pautas/0/0/0/0/449#pesquisa
2021-04-13 14:20:00,Pauta da 12ª Sessão Ordinária de 2021,https://www.pindamonhangaba.sp.leg.br/pautas/0/0/0/0/448#pesquisa
2021-04-07 14:20:00,Pauta da 11ª Sessão Ordinária de 2021,https://www.pindamonhangaba.sp.leg.br/pautas/0/0/0/0/447#pesquisa
2021-03-29 14:25:00,Pauta da 10ª Sessão Ordinária de 2021,https://www.pindamonhangaba.sp.leg.br/pautas/0/0/0/0/446#pesquisa
2021-03-23 14:17:00,Pauta da 9ª Sessão Ordinária de 2021,https://www.pindamonhangaba.sp.leg.br/pautas/0/0/0/0/445#pesquisa
2021-03-19 14:10:00,Pauta da 8ª Sessão Ordinária de 2021,https://www.pindamonhangaba.sp.leg.br/pautas/0/0/0/0/444#pesquisa
2021-03-11 14:05:00,Pauta da 7ª Sessão Ordinária de 2021,https://www.pindamonhangaba.sp.leg.br/pautas/0/0/0/0/443#pesquisa
2021-03-01 14:10:00,Pauta da 6ª Sessão Ordinária de 2021,https://www.pindamonhangaba.sp.leg.br/pautas/0/0/0/0/442#pesquisa
2021-02-22 14:17:00,Pauta da 5ª Sessão Ordinária de 2021,https://www.pindamonhangaba.sp.leg.br/pautas/0/0/0/0/441#pesquisa
2021-02-15 14:15:00,Pauta da 4ª Sessão Ordinária de 2021,https://www.pindamonhangaba.sp.leg.br/pautas/0/0/0/0/440#pesquisa
2021-02-08 14:15:00,Pauta da 3ª Sessão Ordinária de 2021,https://www.pindamonhangaba.sp.leg.br/pautas/0/0/0/0/439#pesquisa
2021-02-01 14:10:00,Pauta da 2ª Sessão Ordinária de 2021,https://www.pindamonhangaba.sp.leg.br/pautas/0/0/0/0/438#pesquisa
2021-01-25 14:10:00,Pauta da 1ª Sessão Ordinária de 2021,https://www.pindamonhangaba.sp.leg.br/pautas/0/0/0/0/437#pesquisa
2021-01-13 14:30:00,Pauta da 1ª Sessão Extraordinária de 2021,https://www.pindamonhangaba.sp.leg.br/pautas/0/0/0/0/436#pesquisa
2020-12-16 14:43:00,Pauta da 45ª Sessão Ordinária de 2020,https://www.pindamonhangaba.sp.leg.br/pautas/0/0/0/0/435#pesquisa
2020-12-09 14:55:00,Pauta da 44ª Sessão Ordinária de 2020,https://www.pindamonhangaba.sp.leg.br/pautas/0/0/0/0/434#pesquisa
2020-12-02 14:45:00,Pauta da 43ª Sessão Ordinária de 2020,https://www.pindamonhangaba.sp.leg.br/pautas/0/0/0/0/433#pesquisa
2020-11-25 15:15:00,Pauta da 42ª Sessão Ordinária de 2020,https://www.pindamonhangaba.sp.leg.br/pautas/0/0/0/0/432#pesquisa
2020-11-18 15:40:00,Pauta da 41ª Sessão Ordinária de 2020,https://www.pindamonhangaba.sp.leg.br/pautas/0/0/0/0/431#pesquisa
2020-11-11 10:18:00,Pauta da 40ª Sessão Ordinária de 2020,https://www.pindamonhangaba.sp.leg.br/pautas/0/0/0/0/430#pesquisa
2020-11-04 09:45:00,Pauta da 39ª Sessão Ordinária de 2020,https://www.pindamonhangaba.sp.leg.br/pautas/0/0/0/0/429#pesquisa
2020-10-29 09:45:00,Pauta da 38ª Sessão Ordinária de 2020,https://www.pindamonhangaba.sp.leg.br/pautas/0/0/0/0/428#pesquisa
2020-10-19 14:40:00,Pauta da 37ª Sessão Ordinária de 2020,https://www.pindamonhangaba.sp.leg.br/pautas/0/0/0/0/427#pesquisa
2020-10-13 14:35:00,Pauta da 36ª Sessão Ordinária de 2020,https://www.pindamonhangaba.sp.leg.br/pautas/0/0/0/0/426#pesquisa
2020-10-05 14:45:00,Pauta da 35ª Sessão Ordinária de 2020,https://www.pindamonhangaba.sp.leg.br/pautas/0/0/0/0/425#pesquisa
2020-09-28 14:45:00,Pauta da 34ª Sessão Ordinária de 2020,https://www.pindamonhangaba.sp.leg.br/pautas/0/0/0/0/424#pesquisa
2020-09-21 14:40:00,Pauta da 33ª Sessão Ordinária de 2020,https://www.pindamonhangaba.sp.leg.br/pautas/0/0/0/0/423#pesquisa
2020-09-14 14:40:00,Pauta da 32ª Sessão Ordinária de 2020,https://www.pindamonhangaba.sp.leg.br/pautas/0/0/0/0/422#pesquisa
2020-09-09 14:40:00,Pauta da 31ª Sessão Ordinária de 2020,https://www.pindamonhangaba.sp.leg.br/pautas/0/0/0/0/421#pesquisa
2020-08-31 14:35:00,Pauta da 30ª Sessão Ordinária de 2020,https://www.pindamonhangaba.sp.leg.br/pautas/0/0/0/0/420#pesquisa
2020-08-24 14:53:00,Pauta da 29ª Sessão Ordinária de 2020,https://www.pindamonhangaba.sp.leg.br/pautas/0/0/0/0/419#pesquisa
2020-08-17 14:45:00,Pauta da 28ª Sessão Ordinária de 2020,https://www.pindamonhangaba.sp.leg.br/pautas/0/0/0/0/418#pesquisa
2020-08-10 14:35:00,Pauta da 27ª Sessão Ordinária de 2020,https://www.pindamonhangaba.sp.leg.br/pautas/0/0/0/0/417#pesquisa
2020-08-03 14:45:00,Pauta da 26ª Sessão Ordinária de 2020,https://www.pindamonhangaba.sp.leg.br/pautas/0/0/0/0/416#pesquisa
2020-07-13 14:30:00,Pauta da 25ª Sessão Ordinária de 2020,https://www.pindamonhangaba.sp.leg.br/pautas/0/0/0/0/415#pesquisa
2020-07-06 14:29:00,Pauta da 24ª Sessão Ordinária de 2020,https://www.pindamonhangaba.sp.leg.br/pautas/0/0/0/0/414#pesquisa
2020-06-29 14:30:00,Pauta da 23ª Sessão Ordinária de 2020,https://www.pindamonhangaba.sp.leg.br/pautas/0/0/0/0/413#pesquisa
2020-06-22 14:35:00,Pauta da 22ª Sessão Ordinária de 2020,https://www.pindamonhangaba.sp.leg.br/pautas/0/0/0/0/412#pesquisa
2020-06-15 14:30:00,Pauta da 21ª Sessão Ordinária de 2020,https://www.pindamonhangaba.sp.leg.br/pautas/0/0/0/0/411#pesquisa
2020-06-08 14:43:00,Pauta da 20ª Sessão Ordinária de 2020,https://www.pindamonhangaba.sp.leg.br/pautas/0/0/0/0/410#pesquisa
2020-06-01 14:30:00,Pauta da 19ª Sessão Ordinária de 2020,https://www.pindamonhangaba.sp.leg.br/pautas/0/0/0/0/409#pesquisa
2020-05-26 14:20:00,Pauta da 18ª Sessão Ordinária de 2020,https://www.pindamonhangaba.sp.leg.br/pautas/0/0/0/0/408#pesquisa
2020-05-18 14:40:00,Pauta da 17ª Sessão Ordinária de 2020,https://www.pindamonhangaba.sp.leg.br/pautas/0/0/0/0/407#pesquisa
2020-05-11 14:25:00,Pauta da 16ª Sessão Ordinária de 2020,https://www.pindamonhangaba.sp.leg.br/pautas/0/0/0/0/406#pesquisa
2020-05-04 14:25:00,Pauta da 15ª Sessão Ordinária de 2020,https://www.pindamonhangaba.sp.leg.br/pautas/0/0/0/0/405#pesquisa
2020-04-27 14:20:00,Pauta da 14ª Sessão Ordinária de 2020,https://www.pindamonhangaba.sp.leg.br/pautas/0/0/0/0/404#pesquisa
2020-04-20 14:40:00,Pauta da 13ª Sessão Ordinária de 2020,https://www.pindamonhangaba.sp.leg.br/pautas/0/0/0/0/403#pesquisa
2020-04-17 14:50:00,Pauta da 12ª Sessão Ordinária de 2020,https://www.pindamonhangaba.sp.leg.br/pautas/0/0/0/0/402#pesquisa
2020-04-08 15:20:00,Pauta da 1ª Sessão Extraordinária de 2020,https://www.pindamonhangaba.sp.leg.br/pautas/0/0/0/0/401#pesquisa
2020-04-06 10:05:00,Pauta da 11ª Sessão Ordinária de 2020,https://www.pindamonhangaba.sp.leg.br/pautas/0/0/0/0/400#pesquisa
2020-04-02 09:20:00,Pauta da 10ª Sessão Ordinária de 2020,https://www.pindamonhangaba.sp.leg.br/pautas/0/0/0/0/399#pesquisa
2020-04-01 09:20:00,Pauta da 9ª Sessão Ordinária de 2020,https://www.pindamonhangaba.sp.leg.br/pautas/0/0/0/0/398#pesquisa
2020-03-16 18:24:00,Pauta da 8ª Sessão Ordinária de 2020,https://www.pindamonhangaba.sp.leg.br/pautas/0/0/0/0/397#pesquisa
2020-03-09 18:30:00,Pauta da 7ª Sessão Ordinária de 2020,https://www.pindamonhangaba.sp.leg.br/pautas/0/0/0/0/396#pesquisa
2020-03-02 18:15:00,Pauta da 6ª Sessão Ordinária de 2020,https://www.pindamonhangaba.sp.leg.br/pautas/0/0/0/0/395#pesquisa
2020-02-28 14:20:00,Pauta da 5ª Sessão Ordinária de 2020,https://www.pindamonhangaba.sp.leg.br/pautas/0/0/0/0/394#pesquisa
2020-02-17 18:24:00,Pauta da 4ª Sessão Ordinária de 2020,https://www.pindamonhangaba.sp.leg.br/pautas/0/0/0/0/393#pesquisa
2020-02-10 18:27:00,Pauta da 3ª Sessão Ordinária de 2020,https://www.pindamonhangaba.sp.leg.br/pautas/0/0/0/0/392#pesquisa
2020-02-03 18:30:00,Pauta da 2ª Sessão Ordinária de 2020,https://www.pindamonhangaba.sp.leg.br/pautas/0/0/0/0/391#pesquisa
2020-01-27 18:20:00,Pauta da 1ª Sessão Ordinária de 2020,https://www.pindamonhangaba.sp.leg.br/pautas/0/0/0/0/390#pesquisa
2019-12-16 18:20:00,Pauta da 45ª Sessão Ordinária de 2019,https://www.pindamonhangaba.sp.leg.br/pautas/0/0/0/0/389#pesquisa
2019-12-09 18:30:00,Pauta da 44ª Sessão Ordinária de 2019,https://www.pindamonhangaba.sp.leg.br/pautas/0/0/0/0/388#pesquisa
2019-12-02 18:30:00,Pauta da 43ª Sessão Ordinária de 2019,https://www.pindamonhangaba.sp.leg.br/pautas/0/0/0/0/387#pesquisa
2019-11-25 18:25:00,Pauta da 42ª Sessão Ordinária de 2019,https://www.pindamonhangaba.sp.leg.br/pautas/0/0/0/0/386#pesquisa
2019-11-18 18:25:00,Pauta da 41ª Sessão Ordinária de 2019,https://www.pindamonhangaba.sp.leg.br/pautas/0/0/0/0/385#pesquisa
2019-11-11 18:26:00,Pauta da 40ª Sessão Ordinária de 2019,https://www.pindamonhangaba.sp.leg.br/pautas/0/0/0/0/384#pesquisa
2019-11-04 18:27:00,Pauta da 39ª Sessão Ordinária de 2019,https://www.pindamonhangaba.sp.leg.br/pautas/0/0/0/0/383#pesquisa
2019-10-30 14:15:00,Pauta da 38ª Sessão Ordinária de 2019,https://www.pindamonhangaba.sp.leg.br/pautas/0/0/0/0/382#pesquisa
2019-10-21 18:30:00,Pauta da 37ª Sessão Ordinária de 2019,https://www.pindamonhangaba.sp.leg.br/pautas/0/0/0/0/381#pesquisa
2019-10-14 18:30:00,Pauta da 36ª Sessão Ordinária de 2019,https://www.pindamonhangaba.sp.leg.br/pautas/0/0/0/0/380#pesquisa
2019-10-07 18:28:00,Pauta da 35ª Sessão Ordinária de 2019,https://www.pindamonhangaba.sp.leg.br/pautas/0/0/0/0/379#pesquisa
2019-09-30 18:25:00,Pauta da 34ª Sessão Ordinária de 2019,https://www.pindamonhangaba.sp.leg.br/pautas/0/0/0/0/378#pesquisa
2019-09-23 18:35:00,Pauta da 33ª Sessão Ordinária de 2019,https://www.pindamonhangaba.sp.leg.br/pautas/0/0/0/0/377#pesquisa
2019-09-16 18:36:00,Pauta da 32ª Sessão Ordinária de 2019,https://www.pindamonhangaba.sp.leg.br/pautas/0/0/0/0/376#pesquisa
2019-09-09 18:51:00,Pauta da 31ª Sessão Ordinária de 2019,https://www.pindamonhangaba.sp.leg.br/pautas/0/0/0/0/375#pesquisa
2019-09-02 18:18:00,Pauta da 30ª Sessão Ordinária de 2019,https://www.pindamonhangaba.sp.leg.br/pautas/0/0/0/0/374#pesquisa
2019-08-26 18:27:00,Pauta da 29ª Sessão Ordinária de 2019,https://www.pindamonhangaba.sp.leg.br/pautas/0/0/0/0/373#pesquisa
2019-08-19 18:25:00,Pauta da 28ª Sessão Ordinária de 2019,https://www.pindamonhangaba.sp.leg.br/pautas/0/0/0/0/372#pesquisa
2019-08-12 18:22:00,Pauta da 27ª Sessão Ordinária de 2019,https://www.pindamonhangaba.sp.leg.br/pautas/0/0/0/0/371#pesquisa
2019-08-05 18:15:00,Pauta da 26ª Sessão Ordinária de 2019,https://www.pindamonhangaba.sp.leg.br/pautas/0/0/0/0/370#pesquisa
2019-07-15 18:23:00,Pauta da 25ª Sessão Ordinária de 2019,https://www.pindamonhangaba.sp.leg.br/pautas/0/0/0/0/369#pesquisa
2019-07-11 09:20:00,Pauta da 24ª Sessão Ordinária de 2019,https://www.pindamonhangaba.sp.leg.br/pautas/0/0/0/0/368#pesquisa
2019-07-01 18:00:00,Pauta da 23ª Sessão Ordinária de 2019,https://www.pindamonhangaba.sp.leg.br/pautas/0/0/0/0/367#pesquisa
2019-06-24 18:10:00,Pauta da 22ª Sessão Ordinária de 2019,https://www.pindamonhangaba.sp.leg.br/pautas/0/0/0/0/366#pesquisa
2019-06-17 18:10:00,Pauta da 21ª Sessão Ordinária de 2019,https://www.pindamonhangaba.sp.leg.br/pautas/0/0/0/0/365#pesquisa
2019-06-10 18:10:00,Pauta da 20ª Sessão Ordinária de 2019,https://www.pindamonhangaba.sp.leg.br/pautas/0/0/0/0/364#pesquisa
2019-06-03 18:15:00,Pauta da 19ª Sessão Ordinária de 2019,https://www.pindamonhangaba.sp.leg.br/pautas/0/0/0/0/363#pesquisa
2019-05-27 18:18:00,Pauta da 18ª Sessão Ordinária de 2019,https://www.pindamonhangaba.sp.leg.br/pautas/0/0/0/0/362#pesquisa
2019-05-20 18:20:00,Pauta da 17ª Sessão Ordinária de 2019,https://www.pindamonhangaba.sp.leg.br/pautas/0/0/0/0/361#pesquisa
2019-05-13 18:20:00,Pauta da 16ª Sessão Ordinária de 2019,https://www.pindamonhangaba.sp.leg.br/pautas/0/0/0/0/360#pesquisa
2019-05-06 18:25:00,Pauta da 15ª Sessão Ordinária de 2019,https://www.pindamonhangaba.sp.leg.br/pautas/0/0/0/0/359#pesquisa
2019-04-29 18:24:00,Pauta da 14ª Sessão Ordinária de 2019,https://www.pindamonhangaba.sp.leg.br/pautas/0/0/0/0/358#pesquisa
2019-04-23 17:08:00,Pauta da 13ª Sessão Ordinária de 2019,https://www.pindamonhangaba.sp.leg.br/pautas/0/0/0/0/357#pesquisa
2019-04-15 18:15:00,Pauta da 12ª Sessão Ordinária de 2019,https://www.pindamonhangaba.sp.leg.br/pautas/0/0/0/0/356#pesquisa
2019-04-08 18:15:00,Pauta da 11ª Sessão Ordinária de 2019,https://www.pindamonhangaba.sp.leg.br/pautas/0/0/0/0/355#pesquisa
2019-04-01 18:25:00,Pauta da 10ª Sessão Ordinária de 2019,https://www.pindamonhangaba.sp.leg.br/pautas/0/0/0/0/354#pesquisa
2019-03-25 18:15:00,Pauta da 9ª Sessão Ordinária de 2019,https://www.pindamonhangaba.sp.leg.br/pautas/0/0/0/0/353#pesquisa
2019-03-18 18:15:00,Pauta da 8ª Sessão Ordinária de 2019,https://www.pindamonhangaba.sp.leg.br/pautas/0/0/0/0/352#pesquisa
2019-03-11 18:15:00,Pauta da 7ª Sessão Ordinária de 2019,https://www.pindamonhangaba.sp.leg.br/pautas/0/0/0/0/351#pesquisa
2019-03-07 17:20:00,Pauta da 6ª Sessão Ordinária de 2019,https://www.pindamonhangaba.sp.leg.br/pautas/0/0/0/0/350#pesquisa
2019-02-25 18:15:00,Pauta da 5ª Sessão Ordinária de 2019,https://www.pindamonhangaba.sp.leg.br/pautas/0/0/0/0/349#pesquisa
2019-02-18 18:20:00,Pauta da 4ª Sessão Ordinária de 2019,https://www.pindamonhangaba.sp.leg.br/pautas/0/0/0/0/348#pesquisa
2019-02-11 18:25:00,Pauta da 3ª Sessão Ordinária de 2019,https://www.pindamonhangaba.sp.leg.br/pautas/0/0/0/0/347#pesquisa
2019-02-04 18:40:00,Pauta da 2ª Sessão Ordinária de 2019,https://www.pindamonhangaba.sp.leg.br/pautas/0/0/0/0/346#pesquisa
2019-01-28 18:15:00,Pauta da 1ª Sessão Ordinária de 2019,https://www.pindamonhangaba.sp.leg.br/pautas/0/0/0/0/345#pesquisa
2018-12-19 19:40:00,Pauta da 3ª Sessão Extraordinária de 2018,https://www.pindamonhangaba.sp.leg.br/pautas/0/0/0/0/344#pesquisa
2018-12-17 19:06:00,Pauta da 44ª Sessão Ordinária de 2018,https://www.pindamonhangaba.sp.leg.br/pautas/0/0/0/0/343#pesquisa
2018-12-10 18:45:00,Pauta da 43ª Sessão Ordinária de 2018,https://www.pindamonhangaba.sp.leg.br/pautas/0/0/0/0/342#pesquisa
2018-12-03 18:24:00,Pauta da 42ª Sessão Ordinária de 2018,https://www.pindamonhangaba.sp.leg.br/pautas/0/0/0/0/340#pesquisa
2018-12-03 17:00:00,Pauta da 2ª Sessão Extraordinária de 2018,https://www.pindamonhangaba.sp.leg.br/pautas/0/0/0/0/341#pesquisa
2018-11-26 19:05:00,Pauta da 41ª Sessão Ordinária de 2018,https://www.pindamonhangaba.sp.leg.br/pautas/0/0/0/0/339#pesquisa
2018-11-19 19:00:00,Pauta da 40ª Sessão Ordinária de 2018,https://www.pindamonhangaba.sp.leg.br/pautas/0/0/0/0/338#pesquisa
2018-11-12 19:06:00,Pauta da 39ª Sessão Ordinária de 2018,https://www.pindamonhangaba.sp.leg.br/pautas/0/0/0/0/337#pesquisa
2018-11-05 18:57:00,Pauta da 38ª Sessão Ordinária de 2018,https://www.pindamonhangaba.sp.leg.br/pautas/0/0/0/0/336#pesquisa
2018-10-29 18:25:00,Pauta da 37ª Sessão Ordinária de 2018,https://www.pindamonhangaba.sp.leg.br/pautas/0/0/0/0/335#pesquisa
2018-10-22 18:40:00,Pauta da 36ª Sessão Ordinária de 2018,https://www.pindamonhangaba.sp.leg.br/pautas/0/0/0/0/334#pesquisa
2018-10-15 18:45:00,Pauta da 35ª Sessão Ordinária de 2018,https://www.pindamonhangaba.sp.leg.br/pautas/0/0/0/0/332#pesquisa
2018-10-10 19:05:00,Pauta da 1ª Sessão Extraordinária de 2018,https://www.pindamonhangaba.sp.leg.br/pautas/0/0/0/0/333#pesquisa
2018-10-08 18:40:00,Pauta da 34ª Sessão Ordinária de 2018,https://www.pindamonhangaba.sp.leg.br/pautas/0/0/0/0/331#pesquisa
2018-10-01 18:50:00,Pauta da 33ª Sessão Ordinária de 2018,https://www.pindamonhangaba.sp.leg.br/pautas/0/0/0/0/330#pesquisa
2018-09-24 18:45:00,Pauta da 32ª Sessão Ordinária de 2018,https://www.pindamonhangaba.sp.leg.br/pautas/0/0/0/0/329#pesquisa
2018-09-17 18:30:00,Pauta da 31ª Sessão Ordinária de 2018,https://www.pindamonhangaba.sp.leg.br/pautas/0/0/0/0/328#pesquisa
2018-09-10 18:35:00,Pauta da 30ª Sessão Ordinária de 2018,https://www.pindamonhangaba.sp.leg.br/pautas/0/0/0/0/327#pesquisa
2018-09-03 18:35:00,Pauta da 29ª Sessão Ordinária de 2018,https://www.pindamonhangaba.sp.leg.br/pautas/0/0/0/0/326#pesquisa
2018-08-27 18:40:00,Pauta da 28ª Sessão Ordinária de 2018,https://www.pindamonhangaba.sp.leg.br/pautas/0/0/0/0/325#pesquisa
2018-08-20 18:38:00,Pauta da 27ª Sessão Ordinária de 2018,https://www.pindamonhangaba.sp.leg.br/pautas/0/0/0/0/324#pesquisa
2018-08-13 18:26:00,Pauta da 26ª Sessão Ordinária de 2018,https://www.pindamonhangaba.sp.leg.br/pautas/0/0/0/0/323#pesquisa
2018-08-06 18:25:00,Pauta da 25ª Sessão Ordinária de 2018,https://www.pindamonhangaba.sp.leg.br/pautas/0/0/0/0/322#pesquisa
2018-07-11 10:00:00,Pauta da 24ª Sessão Ordinária de 2018,https://www.pindamonhangaba.sp.leg.br/pautas/0/0/0/0/321#pesquisa
2018-07-03 18:28:00,Pauta da 23ª Sessão Ordinária de 2018,https://www.pindamonhangaba.sp.leg.br/pautas/0/0/0/0/320#pesquisa
2018-06-25 18:11:00,Pauta da 22ª Sessão Ordinária de 2018,https://www.pindamonhangaba.sp.leg.br/pautas/0/0/0/0/319#pesquisa
2018-06-18 18:14:00,Pauta da 21ª Sessão Ordinária de 2018,https://www.pindamonhangaba.sp.leg.br/pautas/0/0/0/0/318#pesquisa
2018-06-11 18:27:00,Pauta da 20ª Sessão Ordinária de 2018,https://www.pindamonhangaba.sp.leg.br/pautas/0/0/0/0/317#pesquisa
2018-06-04 18:15:00,Pauta da 19ª Sessão Ordinária de 2018,https://www.pindamonhangaba.sp.leg.br/pautas/0/0/0/0/316#pesquisa
2018-05-28 18:36:00,Pauta da 18ª Sessão Ordinária de 2018,https://www.pindamonhangaba.sp.leg.br/pautas/0/0/0/0/315#pesquisa
2018-05-21 18:47:00,Pauta da 17ª Sessão Ordinária de 2018,https://www.pindamonhangaba.sp.leg.br/pautas/0/0/0/0/314#pesquisa
2018-05-14 18:40:00,Pauta da 16ª Sessão Ordinária de 2018,https://www.pindamonhangaba.sp.leg.br/pautas/0/0/0/0/313#pesquisa
2018-05-07 18:33:00,Pauta da 15ª Sessão Ordinária de 2018,https://www.pindamonhangaba.sp.leg.br/pautas/0/0/0/0/312#pesquisa
2018-05-03 14:28:00,Pauta da 14ª Sessão Ordinária de 2018,https://www.pindamonhangaba.sp.leg.br/pautas/0/0/0/0/311#pesquisa
2018-04-23 18:27:00,Pauta da 13ª Sessão Ordinária de 2018,https://www.pindamonhangaba.sp.leg.br/pautas/0/0/0/0/310#pesquisa
2018-04-16 18:30:00,Pauta da 12ª Sessão Ordinária de 2018,https://www.pindamonhangaba.sp.leg.br/pautas/0/0/0/0/309#pesquisa
2018-04-09 18:30:00,Pauta da 11ª Sessão Ordinária de 2018,https://www.pindamonhangaba.sp.leg.br/pautas/0/0/0/0/308#pesquisa
2018-04-06 14:15:00,Pauta da 10ª Sessão Ordinária de 2018,https://www.pindamonhangaba.sp.leg.br/pautas/0/0/0/0/307#pesquisa
2018-03-26 18:27:00,Pauta da 9ª Sessão Ordinária de 2018,https://www.pindamonhangaba.sp.leg.br/pautas/0/0/0/0/306#pesquisa
2018-03-19 18:19:00,Pauta da 8ª Sessão Ordinária de 2018,https://www.pindamonhangaba.sp.leg.br/pautas/0/0/0/0/305#pesquisa
2018-03-12 18:30:00,Pauta da 7ª Sessão Ordinária de 2018,https://www.pindamonhangaba.sp.leg.br/pautas/0/0/0/0/304#pesquisa
2018-03-05 18:14:00,Pauta da 6ª Sessão Ordinária de 2018,https://www.pindamonhangaba.sp.leg.br/pautas/0/0/0/0/303#pesquisa
2018-02-26 18:36:00,Pauta da 5ª Sessão Ordinária de 2018,https://www.pindamonhangaba.sp.leg.br/pautas/0/0/0/0/302#pesquisa
2018-02-19 18:35:00,Pauta da 4ª Sessão Ordinária de 2018,https://www.pindamonhangaba.sp.leg.br/pautas/0/0/0/0/301#pesquisa
2018-02-15 18:35:00,Pauta da 3ª Sessão Ordinária de 2018,https://www.pindamonhangaba.sp.leg.br/pautas/0/0/0/0/300#pesquisa
2018-02-05 18:30:00,Pauta da 2ª Sessão Ordinária de 2018,https://www.pindamonhangaba.sp.leg.br/pautas/0/0/0/0/299#pesquisa
2018-01-29 18:00:00,Pauta da 1ª Sessão Ordinária de 2018,https://www.pindamonhangaba.sp.leg.br/pautas/0/0/0/0/298#pesquisa
2017-12-18 18:34:00,Pauta da 44ª Sessão Ordinária de 2017,https://www.pindamonhangaba.sp.leg.br/pautas/0/0/0/0/297#pesquisa
2017-12-11 18:45:00,Pauta da 43ª Sessão Ordinária de 2017,https://www.pindamonhangaba.sp.leg.br/pautas/0/0/0/0/296#pesquisa
2017-12-04 18:15:00,Pauta da 42ª Sessão Ordinária de 2017,https://www.pindamonhangaba.sp.leg.br/pautas/0/0/0/0/295#pesquisa
2017-11-27 18:27:00,Pauta da 41ª Sessão Ordinária de 2017,https://www.pindamonhangaba.sp.leg.br/pautas/0/0/0/0/294#pesquisa
2017-11-20 18:37:00,Pauta da 40ª Sessão Ordinária de 2017,https://www.pindamonhangaba.sp.leg.br/pautas/0/0/0/0/293#pesquisa
2017-11-13 18:35:00,Pauta da 39ª Sessão Ordinária de 2017,https://www.pindamonhangaba.sp.leg.br/pautas/0/0/0/0/292#pesquisa
2017-11-06 18:25:00,Pauta da 38ª Sessão Ordinária de 2017,https://www.pindamonhangaba.sp.leg.br/pautas/0/0/0/0/291#pesquisa
2017-10-30 18:28:00,Pauta da 37ª Sessão Ordinária de 2017,https://www.pindamonhangaba.sp.leg.br/pautas/0/0/0/0/290#pesquisa
2017-10-23 18:25:00,Pauta da 36ª Sessão Ordinária de 2017,https://www.pindamonhangaba.sp.leg.br/pautas/0/0/0/0/289#pesquisa
2017-10-16 18:23:00,Pauta da 35ª Sessão Ordinária de 2017,https://www.pindamonhangaba.sp.leg.br/pautas/0/0/0/0/288#pesquisa
2017-10-09 18:30:00,Pauta da 34ª Sessão Ordinária de 2017,https://www.pindamonhangaba.sp.leg.br/pautas/0/0/0/0/287#pesquisa
2017-10-02 18:40:00,Pauta da 33ª Sessão Ordinária de 2017,https://www.pindamonhangaba.sp.leg.br/pautas/0/0/0/0/286#pesquisa
2017-09-25 18:40:00,Pauta da 32ª Sessão Ordinária de 2017,https://www.pindamonhangaba.sp.leg.br/pautas/0/0/0/0/285#pesquisa
2017-09-18 18:33:00,Pauta da 31ª Sessão Ordinária de 2017,https://www.pindamonhangaba.sp.leg.br/pautas/0/0/0/0/284#pesquisa
2017-09-11 18:54:00,Pauta da 30ª Sessão Ordinária de 2017,https://www.pindamonhangaba.sp.leg.br/pautas/0/0/0/0/283#pesquisa
2017-09-04 18:25:00,Pauta da 29ª Sessão Ordinária de 2017,https://www.pindamonhangaba.sp.leg.br/pautas/0/0/0/0/282#pesquisa
2017-08-28 18:30:00,Pauta da 28ª Sessão Ordinária de 2017,https://www.pindamonhangaba.sp.leg.br/pautas/0/0/0/0/281#pesquisa
2017-08-21 18:20:00,Pauta da 27ª Sessão Ordinária de 2017,https://www.pindamonhangaba.sp.leg.br/pautas/0/0/0/0/280#pesquisa
2017-08-14 18:28:00,Pauta da 26ª Sessão Ordinária de 2017,https://www.pindamonhangaba.sp.leg.br/pautas/0/0/0/0/279#pesquisa
2017-08-07 18:30:00,Pauta da 25ª Sessão Ordinária de 2017,https://www.pindamonhangaba.sp.leg.br/pautas/0/0/0/0/278#pesquisa
2017-07-25 17:15:00,Pauta da 7ª Sessão Extraordinária de 2017,https://www.pindamonhangaba.sp.leg.br/pautas/0/0/0/0/277#pesquisa
2017-07-11 18:30:00,Pauta da 24ª Sessão Ordinária de 2017,https://www.pindamonhangaba.sp.leg.br/pautas/0/0/0/0/276#pesquisa
2017-07-03 18:10:00,Pauta da 23ª Sessão Ordinária de 2017,https://www.pindamonhangaba.sp.leg.br/pautas/0/0/0/0/275#pesquisa
2017-06-26 18:30:00,Pauta da 22ª Sessão Ordinária de 2017,https://www.pindamonhangaba.sp.leg.br/pautas/0/0/0/0/274#pesquisa
2017-06-19 18:37:00,Pauta da 21ª Sessão Ordinária de 2017,https://www.pindamonhangaba.sp.leg.br/pautas/0/0/0/0/273#pesquisa
2017-06-12 18:28:00,Pauta da 20ª Sessão Ordinária de 2017,https://www.pindamonhangaba.sp.leg.br/pautas/0/0/0/0/272#pesquisa
2017-06-05 18:30:00,Pauta da 19ª Sessão Ordinária de 2017,https://www.pindamonhangaba.sp.leg.br/pautas/0/0/0/0/271#pesquisa
2017-05-31 17:20:00,Pauta da 6ª Sessão Extraordinária de 2017,https://www.pindamonhangaba.sp.leg.br/pautas/0/0/0/0/270#pesquisa
2017-05-29 18:47:00,Pauta da 18ª Sessão Ordinária de 2017,https://www.pindamonhangaba.sp.leg.br/pautas/0/0/0/0/269#pesquisa
2017-05-22 18:34:00,Pauta da 17ª Sessão Ordinária de 2017,https://www.pindamonhangaba.sp.leg.br/pautas/0/0/0/0/268#pesquisa
2017-05-15 19:00:00,Pauta da 16ª Sessão Ordinária de 2017,https://www.pindamonhangaba.sp.leg.br/pautas/0/0/0/0/267#pesquisa
2017-05-08 18:21:00,Pauta da 15ª Sessão Ordinária de 2017,https://www.pindamonhangaba.sp.leg.br/pautas/0/0/0/0/266#pesquisa
2017-05-04 18:35:00,Pauta da 14ª Sessão Ordinária de 2017,https://www.pindamonhangaba.sp.leg.br/pautas/0/0/0/0/265#pesquisa
2017-04-24 18:31:00,Pauta da 13ª Sessão Ordinária de 2017,https://www.pindamonhangaba.sp.leg.br/pautas/0/0/0/0/264#pesquisa
2017-04-19 18:30:00,Pauta da 12ª Sessão Ordinária de 2017,https://www.pindamonhangaba.sp.leg.br/pautas/0/0/0/0/263#pesquisa
2017-04-10 18:33:00,Pauta da 11ª Sessão Ordinária de 2017,https://www.pindamonhangaba.sp.leg.br/pautas/0/0/0/0/262#pesquisa
2017-04-03 18:17:00,Pauta da 10ª Sessão Ordinária de 2017,https://www.pindamonhangaba.sp.leg.br/pautas/0/0/0/0/261#pesquisa
2017-03-27 18:25:00,Pauta da 9ª Sessão Ordinária de 2017,https://www.pindamonhangaba.sp.leg.br/pautas/0/0/0/0/260#pesquisa
2017-03-20 18:25:00,Pauta da 8ª Sessão Ordinária de 2017,https://www.pindamonhangaba.sp.leg.br/pautas/0/0/0/0/259#pesquisa
2017-03-13 18:30:00,Pauta da 7ª Sessão Ordinária de 2017,https://www.pindamonhangaba.sp.leg.br/pautas/0/0/0/0/258#pesquisa
2017-03-06 18:30:00,Pauta da 6ª Sessão Ordinária de 2017,https://www.pindamonhangaba.sp.leg.br/pautas/0/0/0/0/257#pesquisa
2017-03-03 18:10:00,Pauta da 5ª Sessão Ordinária de 2017,https://www.pindamonhangaba.sp.leg.br/pautas/0/0/0/0/256#pesquisa
2017-02-20 18:30:00,Pauta da 4ª Sessão Ordinária de 2017,https://www.pindamonhangaba.sp.leg.br/pautas/0/0/0/0/255#pesquisa
2017-02-13 18:30:00,Pauta da 3ª Sessão Ordinária de 2017,https://www.pindamonhangaba.sp.leg.br/pautas/0/0/0/0/254#pesquisa
2017-02-06 18:20:00,Pauta da 2ª Sessão Ordinária de 2017,https://www.pindamonhangaba.sp.leg.br/pautas/0/0/0/0/252#pesquisa
2017-02-02 18:21:00,Pauta da 5ª Sessão Extraordinária de 2017,https://www.pindamonhangaba.sp.leg.br/pautas/0/0/0/0/253#pesquisa
2017-01-30 18:21:00,Pauta da 1ª Sessão Ordinária de 2017,https://www.pindamonhangaba.sp.leg.br/pautas/0/0/0/0/250#pesquisa
2017-01-30 18:06:00,Pauta da 4ª Sessão Extraordinária de 2017,https://www.pindamonhangaba.sp.leg.br/pautas/0/0/0/0/251#pesquisa
2017-01-30 17:20:00,Pauta da 3ª Sessão Extraordinária de 2017,https://www.pindamonhangaba.sp.leg.br/pautas/0/0/0/0/249#pesquisa
2017-01-05 10:50:00,Pauta da 2ª Sessão Extraordinária de 2017,https://www.pindamonhangaba.sp.leg.br/pautas/0/0/0/0/247#pesquisa
2017-01-05 10:45:00,Pauta da 1ª Sessão Extraordinária de 2017,https://www.pindamonhangaba.sp.leg.br/pautas/0/0/0/0/248#pesquisa
2016-12-19 18:05:00,Pauta da 46ª Sessão Ordinária de 2016,https://www.pindamonhangaba.sp.leg.br/pautas/0/0/0/0/246#pesquisa
2016-12-12 18:10:00,Pauta da 45ª Sessão Ordinária de 2016,https://www.pindamonhangaba.sp.leg.br/pautas/0/0/0/0/245#pesquisa
2016-12-05 18:05:00,Pauta da 44ª Sessão Ordinária de 2016,https://www.pindamonhangaba.sp.leg.br/pautas/0/0/0/0/244#pesquisa
2016-11-28 18:05:00,Pauta da 43ª Sessão Ordinária de 2016,https://www.pindamonhangaba.sp.leg.br/pautas/0/0/0/0/243#pesquisa
2016-11-21 18:15:00,Pauta da 42ª Sessão Ordinária de 2016,https://www.pindamonhangaba.sp.leg.br/pautas/0/0/0/0/242#pesquisa
2016-11-17 16:20:00,Pauta da 41ª Sessão Ordinária de 2016,https://www.pindamonhangaba.sp.leg.br/pautas/0/0/0/0/241#pesquisa
2016-11-07 18:20:00,Pauta da 40ª Sessão Ordinária de 2016,https://www.pindamonhangaba.sp.leg.br/pautas/0/0/0/0/240#pesquisa
2016-11-03 15:05:00,Pauta da 39ª Sessão Ordinária de 2016,https://www.pindamonhangaba.sp.leg.br/pautas/0/0/0/0/239#pesquisa
2016-10-24 18:15:00,Pauta da 38ª Sessão Ordinária de 2016,https://www.pindamonhangaba.sp.leg.br/pautas/0/0/0/0/238#pesquisa
2016-10-17 18:15:00,Pauta da 37ª Sessão Ordinária de 2016,https://www.pindamonhangaba.sp.leg.br/pautas/0/0/0/0/237#pesquisa
2016-10-10 18:17:00,Pauta da 36ª Sessão Ordinária de 2016,https://www.pindamonhangaba.sp.leg.br/pautas/0/0/0/0/236#pesquisa
2016-10-03 18:15:00,Pauta da 35ª Sessão Ordinária de 2016,https://www.pindamonhangaba.sp.leg.br/pautas/0/0/0/0/235#pesquisa
2016-09-26 18:17:00,Pauta da 34ª Sessão Ordinária de 2016,https://www.pindamonhangaba.sp.leg.br/pautas/0/0/0/0/234#pesquisa
2016-09-19 18:20:00,Pauta da 33ª Sessão Ordinária de 2016,https://www.pindamonhangaba.sp.leg.br/pautas/0/0/0/0/233#pesquisa
2016-09-12 18:10:00,Pauta da 32ª Sessão Ordinária de 2016,https://www.pindamonhangaba.sp.leg.br/pautas/0/0/0/0/232#pesquisa
2016-09-05 18:10:00,Pauta da 31ª Sessão Ordinária de 2016,https://www.pindamonhangaba.sp.leg.br/pautas/0/0/0/0/231#pesquisa
2016-08-29 18:10:00,Pauta da 30ª Sessão Ordinária de 2016,https://www.pindamonhangaba.sp.leg.br/pautas/0/0/0/0/230#pesquisa
2016-08-22 18:15:00,Pauta da 29ª Sessão Ordinária de 2016,https://www.pindamonhangaba.sp.leg.br/pautas/0/0/0/0/228#pesquisa
2016-08-15 18:08:00,Pauta da 28ª Sessão Ordinária de 2016,https://www.pindamonhangaba.sp.leg.br/pautas/0/0/0/0/227#pesquisa
2016-08-08 18:05:00,Pauta da 27ª Sessão Ordinária de 2016,https://www.pindamonhangaba.sp.leg.br/pautas/0/0/0/0/226#pesquisa
2016-08-01 18:10:00,Pauta da 26ª Sessão Ordinária de 2016,https://www.pindamonhangaba.sp.leg.br/pautas/0/0/0/0/225#pesquisa
2016-07-11 18:12:00,Pauta da 25ª Sessão Ordinária de 2016,https://www.pindamonhangaba.sp.leg.br/pautas/0/0/0/0/224#pesquisa
2016-07-04 18:22:00,Pauta da 24ª Sessão Ordinária de 2016,https://www.pindamonhangaba.sp.leg.br/pautas/0/0/0/0/223#pesquisa
2016-06-27 18:22:00,Pauta da 23ª Sessão Ordinária de 2016,https://www.pindamonhangaba.sp.leg.br/pautas/0/0/0/0/222#pesquisa
2016-06-20 18:20:00,Pauta da 22ª Sessão Ordinária de 2016,https://www.pindamonhangaba.sp.leg.br/pautas/0/0/0/0/221#pesquisa
2016-06-16 15:07:00,Pauta da 1ª Sessão Extraordinária de 2016,https://www.pindamonhangaba.sp.leg.br/pautas/0/0/0/0/229#pesquisa
2016-06-13 18:13:00,Pauta da 21ª Sessão Ordinária de 2016,https://www.pindamonhangaba.sp.leg.br/pautas/0/0/0/0/220#pesquisa
2016-06-06 18:10:00,Pauta da 20ª Sessão Ordinária de 2016,https://www.pindamonhangaba.sp.leg.br/pautas/0/0/0/0/219#pesquisa
2016-05-30 18:05:00,Pauta da 19ª Sessão Ordinária de 2016,https://www.pindamonhangaba.sp.leg.br/pautas/0/0/0/0/218#pesquisa
2016-05-23 18:10:00,Pauta da 18ª Sessão Ordinária de 2016,https://www.pindamonhangaba.sp.leg.br/pautas/0/0/0/0/217#pesquisa
2016-05-16 18:10:00,Pauta da 17ª Sessão Ordinária de 2016,https://www.pindamonhangaba.sp.leg.br/pautas/0/0/0/0/216#pesquisa
2016-05-09 18:25:00,Pauta da 16ª Sessão Ordinária de 2016,https://www.pindamonhangaba.sp.leg.br/pautas/0/0/0/0/215#pesquisa
2016-05-02 18:30:00,Pauta da 15ª Sessão Ordinária de 2016,https://www.pindamonhangaba.sp.leg.br/pautas/0/0/0/0/214#pesquisa
2016-04-25 18:05:00,Pauta da 14ª Sessão Ordinária de 2016,https://www.pindamonhangaba.sp.leg.br/pautas/0/0/0/0/213#pesquisa
2016-04-18 18:10:00,Pauta da 13ª Sessão Ordinária de 2016,https://www.pindamonhangaba.sp.leg.br/pautas/0/0/0/0/212#pesquisa
2016-04-11 18:13:00,Pauta da 12ª Sessão Ordinária de 2016,https://www.pindamonhangaba.sp.leg.br/pautas/0/0/0/0/211#pesquisa
2016-04-04 18:15:00,Pauta da 11ª Sessão Ordinária de 2016,https://www.pindamonhangaba.sp.leg.br/pautas/0/0/0/0/210#pesquisa
2016-04-01 08:15:00,Pauta da 10ª Sessão Ordinária de 2016,https://www.pindamonhangaba.sp.leg.br/pautas/0/0/0/0/209#pesquisa
2016-03-21 18:17:00,Pauta da 9ª Sessão Ordinária de 2016,https://www.pindamonhangaba.sp.leg.br/pautas/0/0/0/0/208#pesquisa
2016-03-14 18:14:00,Pauta da 8ª Sessão Ordinária de 2016,https://www.pindamonhangaba.sp.leg.br/pautas/0/0/0/0/207#pesquisa
2016-03-07 18:20:00,Pauta da 7ª Sessão Ordinária de 2016,https://www.pindamonhangaba.sp.leg.br/pautas/0/0/0/0/206#pesquisa
2016-02-29 18:07:00,Pauta da 6ª Sessão Ordinária de 2016,https://www.pindamonhangaba.sp.leg.br/pautas/0/0/0/0/205#pesquisa
2016-02-22 18:10:00,Pauta da 5ª Sessão Ordinária de 2016,https://www.pindamonhangaba.sp.leg.br/pautas/0/0/0/0/204#pesquisa
2016-02-15 18:30:00,Pauta da 4ª Sessão Ordinária de 2016,https://www.pindamonhangaba.sp.leg.br/pautas/0/0/0/0/203#pesquisa
2016-02-12 08:10:00,Pauta da 3ª Sessão Ordinária de 2016,https://www.pindamonhangaba.sp.leg.br/pautas/0/0/0/0/202#pesquisa
2016-02-01 18:28:00,Pauta da 2ª Sessão Ordinária de 2016,https://www.pindamonhangaba.sp.leg.br/pautas/0/0/0/0/201#pesquisa
2016-01-25 18:25:00,Pauta da 1ª Sessão Ordinária de 2016,https://www.pindamonhangaba.sp.leg.br/pautas/0/0/0/0/200#pesquisa
2015-12-30 08:00:00,Pauta da 1ª Sessão Extraordinária de 2015,https://www.pindamonhangaba.sp.leg.br/pautas/0/0/0/0/199#pesquisa
2015-12-14 18:10:00,Pauta da 45ª Sessão Ordinária de 2015,https://www.pindamonhangaba.sp.leg.br/pautas/0/0/0/0/198#pesquisa
2015-12-07 18:14:00,Pauta da 44ª Sessão Ordinária de 2015,https://www.pindamonhangaba.sp.leg.br/pautas/0/0/0/0/197#pesquisa
2015-11-30 18:25:00,Pauta da 43ª Sessão Ordinária de 2015,https://www.pindamonhangaba.sp.leg.br/pautas/0/0/0/0/196#pesquisa
2015-11-23 18:10:00,Pauta da 42ª Sessão Ordinária de 2015,https://www.pindamonhangaba.sp.leg.br/pautas/0/0/0/0/195#pesquisa
2015-11-16 18:20:00,Pauta da 41ª Sessão Ordinária de 2015,https://www.pindamonhangaba.sp.leg.br/pautas/0/0/0/0/194#pesquisa
2015-11-09 18:17:00,Pauta da 40ª Sessão Ordinária de 2015,https://www.pindamonhangaba.sp.leg.br/pautas/0/0/0/0/193#pesquisa
2015-11-06 08:10:00,Pauta da 39ª Sessão Ordinária de 2015,https://www.pindamonhangaba.sp.leg.br/pautas/0/0/0/0/192#pesquisa
2015-10-26 18:25:00,Pauta da 38ª Sessão Ordinária de 2015,https://www.pindamonhangaba.sp.leg.br/pautas/0/0/0/0/191#pesquisa
2015-10-19 18:15:00,Pauta da 37ª Sessão Ordinária de 2015,https://www.pindamonhangaba.sp.leg.br/pautas/0/0/0/0/190#pesquisa
2015-10-15 18:10:00,Pauta da 36ª Sessão Ordinária de 2015,https://www.pindamonhangaba.sp.leg.br/pautas/0/0/0/0/189#pesquisa
2015-10-05 18:18:00,Pauta da 35ª Sessão Ordinária de 2015,https://www.pindamonhangaba.sp.leg.br/pautas/0/0/0/0/188#pesquisa
2015-09-28 18:20:00,Pauta da 34ª Sessão Ordinária de 2015,https://www.pindamonhangaba.sp.leg.br/pautas/0/0/0/0/187#pesquisa
2015-09-21 18:00:00,Pauta da 33ª Sessão Ordinária de 2015,https://www.pindamonhangaba.sp.leg.br/pautas/0/0/0/0/186#pesquisa
2015-09-14 18:30:00,Pauta da 32ª Sessão Ordinária de 2015,https://www.pindamonhangaba.sp.leg.br/pautas/0/0/0/0/185#pesquisa
2015-09-11 08:20:00,Pauta da 31ª Sessão Ordinária de 2015,https://www.pindamonhangaba.sp.leg.br/pautas/0/0/0/0/184#pesquisa
2015-08-31 18:15:00,Pauta da 30ª Sessão Ordinária de 2015,https://www.pindamonhangaba.sp.leg.br/pautas/0/0/0/0/183#pesquisa
2015-08-24 18:15:00,Pauta da 29ª Sessão Ordinária de 2015,https://www.pindamonhangaba.sp.leg.br/pautas/0/0/0/0/182#pesquisa
2015-08-17 18:25:00,Pauta da 28ª Sessão Ordinária de 2015,https://www.pindamonhangaba.sp.leg.br/pautas/0/0/0/0/181#pesquisa
2015-08-10 18:15:00,Pauta da 27ª Sessão Ordinária de 2015,https://www.pindamonhangaba.sp.leg.br/pautas/0/0/0/0/180#pesquisa
2015-08-03 18:20:00,Pauta da 26ª Sessão Ordinária de 2015,https://www.pindamonhangaba.sp.leg.br/pautas/0/0/0/0/179#pesquisa
2015-07-13 18:18:00,Pauta da 25ª Sessão Ordinária de 2015,https://www.pindamonhangaba.sp.leg.br/pautas/0/0/0/0/178#pesquisa
2015-07-06 18:18:00,Pauta da 24ª Sessão Ordinária de 2015,https://www.pindamonhangaba.sp.leg.br/pautas/0/0/0/0/177#pesquisa
2015-06-29 18:13:00,Pauta da 23ª Sessão Ordinária de 2015,https://www.pindamonhangaba.sp.leg.br/pautas/0/0/0/0/176#pesquisa
2015-06-22 18:18:00,Pauta da 22ª Sessão Ordinária de 2015,https://www.pindamonhangaba.sp.leg.br/pautas/0/0/0/0/175#pesquisa
2015-06-15 18:18:00,Pauta da 21ª Sessão Ordinária de 2015,https://www.pindamonhangaba.sp.leg.br/pautas/0/0/0/0/174#pesquisa
2015-06-08 18:20:00,Pauta da 20ª Sessão Ordinária de 2015,https://www.pindamonhangaba.sp.leg.br/pautas/0/0/0/0/173#pesquisa
2015-06-01 18:20:00,Pauta da 19ª Sessão Ordinária de 2015,https://www.pindamonhangaba.sp.leg.br/pautas/0/0/0/0/172#pesquisa
2015-05-25 18:15:00,Pauta da 18ª Sessão Ordinária de 2015,https://www.pindamonhangaba.sp.leg.br/pautas/0/0/0/0/171#pesquisa
2015-05-18 18:10:00,Pauta da 17ª Sessão Ordinária de 2015,https://www.pindamonhangaba.sp.leg.br/pautas/0/0/0/0/170#pesquisa
2015-05-11 18:25:00,Pauta da 16ª Sessão Ordinária de 2015,https://www.pindamonhangaba.sp.leg.br/pautas/0/0/0/0/169#pesquisa
2015-05-04 18:20:00,Pauta da 15ª Sessão Ordinária de 2015,https://www.pindamonhangaba.sp.leg.br/pautas/0/0/0/0/168#pesquisa
2015-04-27 18:10:00,Pauta da 14ª Sessão Ordinária de 2015,https://www.pindamonhangaba.sp.leg.br/pautas/0/0/0/0/167#pesquisa
2015-04-23 15:20:00,Pauta da 13ª Sessão Ordinária de 2015,https://www.pindamonhangaba.sp.leg.br/pautas/0/0/0/0/166#pesquisa
2015-04-13 18:20:00,Pauta da 12ª Sessão Ordinária de 2015,https://www.pindamonhangaba.sp.leg.br/pautas/0/0/0/0/165#pesquisa
2015-04-10 15:15:00,Pauta da 11ª Sessão Ordinária de 2015,https://www.pindamonhangaba.sp.leg.br/pautas/0/0/0/0/164#pesquisa
2015-03-30 18:10:00,Pauta da 10ª Sessão Ordinária de 2015,https://www.pindamonhangaba.sp.leg.br/pautas/0/0/0/0/163#pesquisa
2015-03-23 18:20:00,Pauta da 9ª Sessão Ordinária de 2015,https://www.pindamonhangaba.sp.leg.br/pautas/0/0/0/0/162#pesquisa
2015-03-16 18:20:00,Pauta da 8ª Sessão Ordinária de 2015,https://www.pindamonhangaba.sp.leg.br/pautas/0/0/0/0/161#pesquisa
2015-03-09 18:20:00,Pauta da 7ª Sessão Ordinária de 2015,https://www.pindamonhangaba.sp.leg.br/pautas/0/0/0/0/160#pesquisa
2015-03-02 18:18:00,Pauta da 6ª Sessão Ordinária de 2015,https://www.pindamonhangaba.sp.leg.br/pautas/0/0/0/0/159#pesquisa
2015-02-23 18:05:00,Pauta da 5ª Sessão Ordinária de 2015,https://www.pindamonhangaba.sp.leg.br/pautas/0/0/0/0/158#pesquisa
2015-02-20 08:15:00,Pauta da 4ª Sessão Ordinária de 2015,https://www.pindamonhangaba.sp.leg.br/pautas/0/0/0/0/157#pesquisa
2015-02-09 18:20:00,Pauta da 3ª Sessão Ordinária de 2015,https://www.pindamonhangaba.sp.leg.br/pautas/0/0/0/0/156#pesquisa
2015-02-02 18:15:00,Pauta da 2ª Sessão Ordinária de 2015,https://www.pindamonhangaba.sp.leg.br/pautas/0/0/0/0/155#pesquisa
2015-01-26 18:33:00,Pauta da 1ª Sessão Ordinária de 2015,https://www.pindamonhangaba.sp.leg.br/pautas/0/0/0/0/154#pesquisa
2014-12-17 18:00:00,Pauta da 4ª Sessão Extraordinária de 2014,https://www.pindamonhangaba.sp.leg.br/pautas/0/0/0/0/153#pesquisa
2014-12-15 19:05:00,Pauta da 45ª Sessão Ordinária de 2014,https://www.pindamonhangaba.sp.leg.br/pautas/0/0/0/0/152#pesquisa
2014-12-08 18:30:00,Pauta da 44ª Sessão Ordinária de 2014,https://www.pindamonhangaba.sp.leg.br/pautas/0/0/0/0/151#pesquisa
2014-12-01 18:32:00,Pauta da 43ª Sessão Ordinária de 2014,https://www.pindamonhangaba.sp.leg.br/pautas/0/0/0/0/150#pesquisa
2014-11-24 18:30:00,Pauta da 42ª Sessão Ordinária de 2014,https://www.pindamonhangaba.sp.leg.br/pautas/0/0/0/0/149#pesquisa
2014-11-17 18:00:00,Pauta da 41ª Sessão Ordinária de 2014,https://www.pindamonhangaba.sp.leg.br/pautas/0/0/0/0/148#pesquisa
2014-11-10 18:35:00,Pauta da 40ª Sessão Ordinária de 2014,https://www.pindamonhangaba.sp.leg.br/pautas/0/0/0/0/147#pesquisa
2014-11-03 18:37:00,Pauta da 39ª Sessão Ordinária de 2014,https://www.pindamonhangaba.sp.leg.br/pautas/0/0/0/0/146#pesquisa
2014-10-31 08:36:00,Pauta da 38ª Sessão Ordinária de 2014,https://www.pindamonhangaba.sp.leg.br/pautas/0/0/0/0/145#pesquisa
2014-10-20 18:41:00,Pauta da 37ª Sessão Ordinária de 2014,https://www.pindamonhangaba.sp.leg.br/pautas/0/0/0/0/144#pesquisa
2014-10-13 18:39:00,Pauta da 36ª Sessão Ordinária de 2014,https://www.pindamonhangaba.sp.leg.br/pautas/0/0/0/0/143#pesquisa
2014-10-06 18:31:00,Pauta da 35ª Sessão Ordinária de 2014,https://www.pindamonhangaba.sp.leg.br/pautas/0/0/0/0/142#pesquisa
2014-09-29 18:54:00,Pauta da 34ª Sessão Ordinária de 2014,https://www.pindamonhangaba.sp.leg.br/pautas/0/0/0/0/141#pesquisa
2014-09-22 18:32:00,Pauta da 33ª Sessão Ordinária de 2014,https://www.pindamonhangaba.sp.leg.br/pautas/0/0/0/0/140#pesquisa
2014-09-15 18:35:00,Pauta da 32ª Sessão Ordinária de 2014,https://www.pindamonhangaba.sp.leg.br/pautas/0/0/0/0/139#pesquisa
2014-09-09 18:47:00,Pauta da 31ª Sessão Ordinária de 2014,https://www.pindamonhangaba.sp.leg.br/pautas/0/0/0/0/138#pesquisa
2014-09-01 19:07:00,Pauta da 30ª Sessão Ordinária de 2014,https://www.pindamonhangaba.sp.leg.br/pautas/0/0/0/0/137#pesquisa
2014-08-25 18:27:00,Pauta da 29ª Sessão Ordinária de 2014,https://www.pindamonhangaba.sp.leg.br/pautas/0/0/0/0/136#pesquisa
2014-08-18 18:08:00,Pauta da 28ª Sessão Ordinária de 2014,https://www.pindamonhangaba.sp.leg.br/pautas/0/0/0/0/135#pesquisa
2014-08-11 18:35:00,Pauta da 27ª Sessão Ordinária de 2014,https://www.pindamonhangaba.sp.leg.br/pautas/0/0/0/0/134#pesquisa
2014-08-04 18:30:00,Pauta da 26ª Sessão Ordinária de 2014,https://www.pindamonhangaba.sp.leg.br/pautas/0/0/0/0/133#pesquisa
2014-07-14 18:35:00,Pauta da 25ª Sessão Ordinária de 2014,https://www.pindamonhangaba.sp.leg.br/pautas/0/0/0/0/132#pesquisa
2014-07-07 19:03:00,Pauta da 24ª Sessão Ordinária de 2014,https://www.pindamonhangaba.sp.leg.br/pautas/0/0/0/0/131#pesquisa
2014-07-07 18:24:00,Pauta da 2ª Sessão Extraordinária de 2014,https://www.pindamonhangaba.sp.leg.br/pautas/0/0/0/0/130#pesquisa
2014-06-30 19:25:00,Pauta da 1ª Sessão Extraordinária de 2014,https://www.pindamonhangaba.sp.leg.br/pautas/0/0/0/0/129#pesquisa
2014-06-30 18:25:00,Pauta da 23ª Sessão Ordinária de 2014,https://www.pindamonhangaba.sp.leg.br/pautas/0/0/0/0/128#pesquisa
2014-06-26 09:13:00,Pauta da 22ª Sessão Ordinária de 2014,https://www.pindamonhangaba.sp.leg.br/pautas/0/0/0/0/127#pesquisa
2014-06-16 18:23:00,Pauta da 21ª Sessão Ordinária de 2014,https://www.pindamonhangaba.sp.leg.br/pautas/0/0/0/0/126#pesquisa
2014-06-09 18:33:00,Pauta da 20ª Sessão Ordinária de 2014,https://www.pindamonhangaba.sp.leg.br/pautas/0/0/0/0/125#pesquisa
2014-06-02 18:25:00,Pauta da 19ª Sessão Ordinária de 2014,https://www.pindamonhangaba.sp.leg.br/pautas/0/0/0/0/124#pesquisa
2014-05-26 18:34:00,Pauta da 18ª Sessão Ordinária de 2014,https://www.pindamonhangaba.sp.leg.br/pautas/0/0/0/0/123#pesquisa
2014-05-19 18:32:00,Pauta da 17ª Sessão Ordinária de 2014,https://www.pindamonhangaba.sp.leg.br/pautas/0/0/0/0/122#pesquisa
2014-05-12 18:00:00,Pauta da 16ª Sessão Ordinária de 2014,https://www.pindamonhangaba.sp.leg.br/pautas/0/0/0/0/121#pesquisa
2014-05-05 18:00:00,Pauta da 15ª Sessão Ordinária de 2014,https://www.pindamonhangaba.sp.leg.br/pautas/0/0/0/0/120#pesquisa
2014-04-28 18:15:00,Pauta da 14ª Sessão Ordinária de 2014,https://www.pindamonhangaba.sp.leg.br/pautas/0/0/0/0/119#pesquisa
2014-04-24 18:04:00,Pauta da 13ª Sessão Ordinária de 2014,https://www.pindamonhangaba.sp.leg.br/pautas/0/0/0/0/118#pesquisa
2014-04-14 18:18:00,Pauta da 12ª Sessão Ordinária de 2014,https://www.pindamonhangaba.sp.leg.br/pautas/0/0/0/0/117#pesquisa
2014-04-07 18:34:00,Pauta da 11ª Sessão Ordinária de 2014,https://www.pindamonhangaba.sp.leg.br/pautas/0/0/0/0/116#pesquisa
2014-03-31 18:40:00,Pauta da 10ª Sessão Ordinária de 2014,https://www.pindamonhangaba.sp.leg.br/pautas/0/0/0/0/115#pesquisa
2014-03-25 17:18:00,Pauta da 9ª Sessão Ordinária de 2014,https://www.pindamonhangaba.sp.leg.br/pautas/0/0/0/0/114#pesquisa
2014-03-17 18:18:00,Pauta da 8ª Sessão Ordinária de 2014,https://www.pindamonhangaba.sp.leg.br/pautas/0/0/0/0/113#pesquisa
2014-03-10 18:36:00,Pauta da 7ª Sessão Ordinária de 2014,https://www.pindamonhangaba.sp.leg.br/pautas/0/0/0/0/112#pesquisa
2014-03-07 08:00:00,Pauta da 6ª Sessão Ordinária de 2014,https://www.pindamonhangaba.sp.leg.br/pautas/0/0/0/0/111#pesquisa
2014-02-24 18:45:00,Pauta da 5ª Sessão Ordinária de 2014,https://www.pindamonhangaba.sp.leg.br/pautas/0/0/0/0/110#pesquisa
2014-02-17 18:22:00,Pauta da 4ª Sessão Ordinária de 2014,https://www.pindamonhangaba.sp.leg.br/pautas/0/0/0/0/109#pesquisa
2014-02-10 18:34:00,Pauta da 3ª Sessão Ordinária de 2014,https://www.pindamonhangaba.sp.leg.br/pautas/0/0/0/0/108#pesquisa
2014-02-03 18:30:00,Pauta da 2ª Sessão Ordinária de 2014,https://www.pindamonhangaba.sp.leg.br/pautas/0/0/0/0/107#pesquisa
2014-01-27 18:15:00,Pauta da 1ª Sessão Ordinária de 2014,https://www.pindamonhangaba.sp.leg.br/pautas/0/0/0/0/106#pesquisa
2013-12-20 16:00:00,Pauta da 1ª Sessão Extraordinária de 2013,https://www.pindamonhangaba.sp.leg.br/pautas/0/0/0/0/105#pesquisa
2013-12-16 18:49:00,Pauta da 45ª Sessão Ordinária de 2013,https://www.pindamonhangaba.sp.leg.br/pautas/0/0/0/0/104#pesquisa
2013-12-09 19:00:00,Pauta da 44ª Sessão Ordinária de 2013,https://www.pindamonhangaba.sp.leg.br/pautas/0/0/0/0/103#pesquisa
2013-12-02 18:00:00,Pauta da 43ª Sessão Ordinária de 2013,https://www.pindamonhangaba.sp.leg.br/pautas/0/0/0/0/102#pesquisa
2013-11-25 18:00:00,Pauta da 42ª Sessão Ordinária de 2013,https://www.pindamonhangaba.sp.leg.br/pautas/0/0/0/0/101#pesquisa
2013-11-18 18:15:00,Pauta da 41ª Sessão Ordinária de 2013,https://www.pindamonhangaba.sp.leg.br/pautas/0/0/0/0/100#pesquisa
2013-11-11 18:29:00,Pauta da 40ª Sessão Ordinária de 2013,https://www.pindamonhangaba.sp.leg.br/pautas/0/0/0/0/99#pesquisa
2013-11-04 18:33:00,Pauta da 39ª Sessão Ordinária de 2013,https://www.pindamonhangaba.sp.leg.br/pautas/0/0/0/0/98#pesquisa
2013-11-01 08:00:00,Pauta da 38ª Sessão Ordinária de 2013,https://www.pindamonhangaba.sp.leg.br/pautas/0/0/0/0/97#pesquisa
2013-10-21 18:20:00,Pauta da 37ª Sessão Ordinária de 2013,https://www.pindamonhangaba.sp.leg.br/pautas/0/0/0/0/96#pesquisa
2013-10-14 18:15:00,Pauta da 36ª Sessão Ordinária de 2013,https://www.pindamonhangaba.sp.leg.br/pautas/0/0/0/0/95#pesquisa
2013-10-07 18:00:00,Pauta da 35ª Sessão Ordinária de 2013,https://www.pindamonhangaba.sp.leg.br/pautas/0/0/0/0/94#pesquisa
2013-09-30 18:14:00,Pauta da 34ª Sessão Ordinária de 2013,https://www.pindamonhangaba.sp.leg.br/pautas/0/0/0/0/93#pesquisa
2013-09-23 18:26:00,Pauta da 33ª Sessão Ordinária de 2013,https://www.pindamonhangaba.sp.leg.br/pautas/0/0/0/0/92#pesquisa
2013-09-16 18:29:00,Pauta da 32ª Sessão Ordinária de 2013,https://www.pindamonhangaba.sp.leg.br/pautas/0/0/0/0/91#pesquisa
2013-09-09 18:29:00,Pauta da 31ª Sessão Ordinária de 2013,https://www.pindamonhangaba.sp.leg.br/pautas/0/0/0/0/90#pesquisa
2013-09-02 18:10:00,Pauta da 30ª Sessão Ordinária de 2013,https://www.pindamonhangaba.sp.leg.br/pautas/0/0/0/0/89#pesquisa
2013-08-26 18:20:00,Pauta da 29ª Sessão Ordinária de 2013,https://www.pindamonhangaba.sp.leg.br/pautas/0/0/0/0/88#pesquisa
2013-08-19 18:37:00,Pauta da 28ª Sessão Ordinária de 2013,https://www.pindamonhangaba.sp.leg.br/pautas/0/0/0/0/87#pesquisa
2013-08-12 18:15:00,Pauta da 26ª Sessão Ordinária de 2013,https://www.pindamonhangaba.sp.leg.br/pautas/0/0/0/0/86#pesquisa
2013-08-05 18:15:00,Pauta da 26ª Sessão Ordinária de 2013,https://www.pindamonhangaba.sp.leg.br/pautas/0/0/0/0/85#pesquisa
2013-07-15 08:00:00,Pauta da 25ª Sessão Ordinária de 2013,https://www.pindamonhangaba.sp.leg.br/pautas/0/0/0/0/84#pesquisa
2013-07-08 08:10:00,Pauta da 24ª Sessão Ordinária de 2013,https://www.pindamonhangaba.sp.leg.br/pautas/0/0/0/0/83#pesquisa
2013-07-01 18:25:00,Pauta da 23ª Sessão Ordinária de 2013,https://www.pindamonhangaba.sp.leg.br/pautas/0/0/0/0/82#pesquisa
2013-06-24 18:00:00,Pauta da 22ª Sessão Ordinária de 2013,https://www.pindamonhangaba.sp.leg.br/pautas/0/0/0/0/81#pesquisa
2013-06-17 18:53:00,Pauta da 21ª Sessão Ordinária de 2013,https://www.pindamonhangaba.sp.leg.br/pautas/0/0/0/0/80#pesquisa
2013-06-10 18:24:00,Pauta da 20ª Sessão Ordinária de 2013,https://www.pindamonhangaba.sp.leg.br/pautas/0/0/0/0/79#pesquisa
2013-06-03 18:40:00,Pauta da 19ª Sessão Ordinária de 2013,https://www.pindamonhangaba.sp.leg.br/pautas/0/0/0/0/78#pesquisa
2013-05-27 18:25:00,Pauta da 18ª Sessão Ordinária de 2013,https://www.pindamonhangaba.sp.leg.br/pautas/0/0/0/0/77#pesquisa
2013-05-20 18:15:00,Pauta da 17ª Sessão Ordinária de 2013,https://www.pindamonhangaba.sp.leg.br/pautas/0/0/0/0/76#pesquisa
2013-05-13 18:20:00,Pauta da 16ª Sessão Ordinária de 2013,https://www.pindamonhangaba.sp.leg.br/pautas/0/0/0/0/75#pesquisa
2013-05-06 18:35:00,Pauta da 15ª Sessão Ordinária de 2013,https://www.pindamonhangaba.sp.leg.br/pautas/0/0/0/0/74#pesquisa
2013-04-29 18:10:00,Pauta da 14ª Sessão Ordinária de 2013,https://www.pindamonhangaba.sp.leg.br/pautas/0/0/0/0/73#pesquisa
2013-04-22 18:00:00,Pauta da 13ª Sessão Ordinária de 2013,https://www.pindamonhangaba.sp.leg.br/pautas/0/0/0/0/72#pesquisa
2013-04-15 18:00:00,Pauta da 12ª Sessão Ordinária de 2013,https://www.pindamonhangaba.sp.leg.br/pautas/0/0/0/0/71#pesquisa
2013-04-08 18:00:00,Pauta da 11ª Sessão Ordinária de 2013,https://www.pindamonhangaba.sp.leg.br/pautas/0/0/0/0/70#pesquisa
2013-04-05 08:30:00,Pauta da 10ª Sessão Ordinária de 2013,https://www.pindamonhangaba.sp.leg.br/pautas/0/0/0/0/69#pesquisa
2013-03-25 18:30:00,Pauta da 9ª Sessão Ordinária de 2013,https://www.pindamonhangaba.sp.leg.br/pautas/0/0/0/0/68#pesquisa
2013-03-18 17:21:00,Pauta da 8ª Sessão Ordinária de 2013,https://www.pindamonhangaba.sp.leg.br/pautas/0/0/0/0/67#pesquisa
2013-03-11 18:30:00,Pauta da 7ª Sessão Ordinária de 2013,https://www.pindamonhangaba.sp.leg.br/pautas/0/0/0/0/66#pesquisa
2013-03-04 18:25:00,Pauta da 6ª Sessão Ordinária de 2013,https://www.pindamonhangaba.sp.leg.br/pautas/0/0/0/0/65#pesquisa
2013-02-25 18:55:00,Pauta da 5ª Sessão Ordinária de 2013,https://www.pindamonhangaba.sp.leg.br/pautas/0/0/0/0/64#pesquisa
2013-02-18 18:30:00,Pauta da 4ª Sessão Ordinária de 2013,https://www.pindamonhangaba.sp.leg.br/pautas/0/0/0/0/63#pesquisa
2013-02-15 18:00:00,Pauta da 3ª Sessão Ordinária de 2013,https://www.pindamonhangaba.sp.leg.br/pautas/0/0/0/0/62#pesquisa
2013-02-04 18:00:00,Pauta da 2ª Sessão Ordinária de 2013,https://www.pindamonhangaba.sp.leg.br/pautas/0/0/0/0/61#pesquisa
2013-01-28 18:35:00,Pauta da 1ª Sessão Ordinária de 2013,https://www.pindamonhangaba.sp.leg.br/pautas/0/0/0/0/60#pesquisa
2012-12-17 18:00:00,Pauta da 44ª Sessão Ordinária de 2012,https://www.pindamonhangaba.sp.leg.br/pautas/0/0/0/0/59#pesquisa
2012-12-10 18:00:00,Pauta da 43ª Sessão Ordinária de 2012,https://www.pindamonhangaba.sp.leg.br/pautas/0/0/0/0/58#pesquisa
2012-12-03 18:00:00,Pauta da 42ª Sessão Ordinária de 2012,https://www.pindamonhangaba.sp.leg.br/pautas/0/0/0/0/57#pesquisa
2012-11-26 18:00:00,Pauta da 41ª Sessão Ordinária de 2012,https://www.pindamonhangaba.sp.leg.br/pautas/0/0/0/0/56#pesquisa
2012-11-19 18:00:00,Pauta da 40ª Sessão Ordinária de 2012,https://www.pindamonhangaba.sp.leg.br/pautas/0/0/0/0/55#pesquisa
2012-11-12 18:00:00,Pauta da 39ª Sessão Ordinária de 2012,https://www.pindamonhangaba.sp.leg.br/pautas/0/0/0/0/54#pesquisa
2012-11-05 18:00:00,Pauta da 38ª Sessão Ordinária de 2012,https://www.pindamonhangaba.sp.leg.br/pautas/0/0/0/0/53#pesquisa
2012-10-30 18:00:00,Pauta da 37ª Sessão Ordinária de 2012,https://www.pindamonhangaba.sp.leg.br/pautas/0/0/0/0/52#pesquisa
2012-10-25 18:00:00,Pauta da 2ª Sessão Extraordinária de 2012,https://www.pindamonhangaba.sp.leg.br/pautas/0/0/0/0/51#pesquisa
2012-10-22 18:00:00,Pauta da 36ª Sessão Ordinária de 2012,https://www.pindamonhangaba.sp.leg.br/pautas/0/0/0/0/50#pesquisa
2012-10-15 18:00:00,Pauta da 35ª Sessão Ordinária de 2012,https://www.pindamonhangaba.sp.leg.br/pautas/0/0/0/0/49#pesquisa
2012-10-08 18:00:00,Pauta da 34ª Sessão Ordinária de 2012,https://www.pindamonhangaba.sp.leg.br/pautas/0/0/0/0/48#pesquisa
2012-10-05 08:00:00,Pauta da 33ª Sessão Ordinária de 2012,https://www.pindamonhangaba.sp.leg.br/pautas/0/0/0/0/47#pesquisa
2012-09-24 18:00:00,Pauta da 32ª Sessão Ordinária de 2012,https://www.pindamonhangaba.sp.leg.br/pautas/0/0/0/0/46#pesquisa
2012-09-17 18:00:00,Pauta da 31ª Sessão Ordinária de 2012,https://www.pindamonhangaba.sp.leg.br/pautas/0/0/0/0/45#pesquisa
2012-09-10 18:00:00,Pauta da 30ª Sessão Ordinária de 2012,https://www.pindamonhangaba.sp.leg.br/pautas/0/0/0/0/44#pesquisa
2012-09-03 18:40:00,Pauta da 29ª Sessão Ordinária de 2012,https://www.pindamonhangaba.sp.leg.br/pautas/0/0/0/0/43#pesquisa
2012-08-27 18:00:00,Pauta da 28ª Sessão Ordinária de 2012,https://www.pindamonhangaba.sp.leg.br/pautas/0/0/0/0/42#pesquisa
2012-08-20 18:00:00,Pauta da 27ª Sessão Ordinária de 2012,https://www.pindamonhangaba.sp.leg.br/pautas/0/0/0/0/41#pesquisa
2012-08-13 18:00:00,Pauta da 26ª Sessão Ordinária de 2012,https://www.pindamonhangaba.sp.leg.br/pautas/0/0/0/0/40#pesquisa
2012-08-06 18:00:00,Pauta da 25ª Sessão Ordinária de 2012,https://www.pindamonhangaba.sp.leg.br/pautas/0/0/0/0/39#pesquisa
2012-07-11 07:00:00,Pauta da 24ª Sessão Ordinária de 2012,https://www.pindamonhangaba.sp.leg.br/pautas/0/0/0/0/37#pesquisa
2012-07-05 18:00:00,Pauta da 1ª Sessão Extraordinária de 2012,https://www.pindamonhangaba.sp.leg.br/pautas/0/0/0/0/38#pesquisa
2012-07-02 18:00:00,Pauta da 23ª Sessão Ordinária de 2012,https://www.pindamonhangaba.sp.leg.br/pautas/0/0/0/0/36#pesquisa
2012-06-25 18:00:00,Pauta da 22ª Sessão Ordinária de 2012,https://www.pindamonhangaba.sp.leg.br/pautas/0/0/0/0/35#pesquisa
2012-06-18 18:00:00,Pauta da 21ª Sessão Ordinária de 2012,https://www.pindamonhangaba.sp.leg.br/pautas/0/0/0/0/34#pesquisa
2012-06-11 18:00:00,Pauta da 20ª Sessão Ordinária de 2012,https://www.pindamonhangaba.sp.leg.br/pautas/0/0/0/0/33#pesquisa
2012-06-04 18:00:00,Pauta da 19ª Sessão Ordinária de 2012,https://www.pindamonhangaba.sp.leg.br/pautas/0/0/0/0/32#pesquisa
2012-05-28 18:00:00,Pauta da 18ª Sessão Ordinária de 2012,https://www.pindamonhangaba.sp.leg.br/pautas/0/0/0/0/31#pesquisa
2012-05-21 18:00:00,Pauta da 17ª Sessão Ordinária de 2012,https://www.pindamonhangaba.sp.leg.br/pautas/0/0/0/0/30#pesquisa
2012-05-14 18:00:00,Pauta da 16ª Sessão Ordinária de 2012,https://www.pindamonhangaba.sp.leg.br/pautas/0/0/0/0/29#pesquisa
2012-05-07 18:00:00,Pauta da 15ª Sessão Ordinária de 2012,https://www.pindamonhangaba.sp.leg.br/pautas/0/0/0/0/28#pesquisa
2012-05-04 08:00:00,Pauta da 14ª Sessão Ordinária de 2012,https://www.pindamonhangaba.sp.leg.br/pautas/0/0/0/0/27#pesquisa
2012-04-23 18:00:00,Pauta da 13ª Sessão Ordinária de 2012,https://www.pindamonhangaba.sp.leg.br/pautas/0/0/0/0/26#pesquisa
2012-04-16 18:00:00,Pauta da 12ª Sessão Ordinária de 2012,https://www.pindamonhangaba.sp.leg.br/pautas/0/0/0/0/25#pesquisa
2012-04-13 08:00:00,Pauta da 11ª Sessão Ordinária de 2012,https://www.pindamonhangaba.sp.leg.br/pautas/0/0/0/0/24#pesquisa
2012-04-02 18:00:00,Pauta da 10ª Sessão Ordinária de 2012,https://www.pindamonhangaba.sp.leg.br/pautas/0/0/0/0/23#pesquisa
2012-03-26 18:00:00,Pauta da 9ª Sessão Ordinária de 2012,https://www.pindamonhangaba.sp.leg.br/pautas/0/0/0/0/14#pesquisa
2012-03-19 18:00:00,Pauta da 8ª Sessão Ordinária de 2012,https://www.pindamonhangaba.sp.leg.br/pautas/0/0/0/0/22#pesquisa
2012-03-12 18:00:00,Pauta da 7ª Sessão Ordinária de 2012,https://www.pindamonhangaba.sp.leg.br/pautas/0/0/0/0/21#pesquisa
2012-03-05 18:00:00,Pauta da 6ª Sessão Ordinária de 2012,https://www.pindamonhangaba.sp.leg.br/pautas/0/0/0/0/20#pesquisa
2012-02-27 18:00:00,Pauta da 5ª Sessão Ordinária de 2012,https://www.pindamonhangaba.sp.leg.br/pautas/0/0/0/0/15#pesquisa
2012-02-24 18:00:00,Pauta da 4ª Sessão Ordinária de 2012,https://www.pindamonhangaba.sp.leg.br/pautas/0/0/0/0/19#pesquisa
2012-02-13 18:00:00,Pauta da 3ª Sessão Ordinária de 2012,https://www.pindamonhangaba.sp.leg.br/pautas/0/0/0/0/18#pesquisa
2012-02-06 18:00:00,Pauta da 2ª Sessão Ordinária de 2012,https://www.pindamonhangaba.sp.leg.br/pautas/0/0/0/0/17#pesquisa
2012-01-30 18:00:00,Pauta da 1ª Sessão Ordinária de 2012,https://www.pindamonhangaba.sp.leg.br/pautas/0/0/0/0/16#pesquisa
