data,titulo,imagem,link
2025-07-16 08:29:12,Dia do Conselheiro Municipal - 2025,https://i.ytimg.com/vi/ITCU88ojwfA/mqdefault.jpg,https://www.youtube.com/watch?v=ITCU88ojwfA
2025-07-16 08:28:07,25ª Sessão Ordinária 2025,https://i.ytimg.com/vi/KVUgdfIuY4o/mqdefault.jpg,https://www.youtube.com/watch?v=KVUgdfIuY4o
2025-07-16 08:27:32,24ª Sessão Ordinária 2025,https://i.ytimg.com/vi/1u-CRyOwBnw/mqdefault.jpg,https://www.youtube.com/watch?v=1u-CRyOwBnw
2025-07-02 10:41:17,23ª Sessão Ordinária 2025,https://i.ytimg.com/vi/0622od7bZuc/mqdefault.jpg,https://www.youtube.com/watch?v=0622od7bZuc
2025-07-01 10:07:52,Sessão Solene Comemoração ao Dia da Assembleia de Deus,https://i.ytimg.com/vi/Q7aRDI2zIlk/mqdefault.jpg,https://www.youtube.com/watch?v=Q7aRDI2zIlk
2025-06-27 15:37:20,22ª Sessão Ordinária 2025,https://i.ytimg.com/vi/VEiPnczxnhU/mqdefault.jpg,https://www.youtube.com/watch?v=VEiPnczxnhU
2025-06-17 18:30:00,Audiência Pública Concessão da Estrada de Ferro Campos do Jordão EFCJ,https://i.ytimg.com/vi/BQ7D0rfW2eQ/mqdefault.jpg,https://www.youtube.com/watch?v=BQ7D0rfW2eQ
2025-06-17 17:00:00,21ª Sessão Ordinária 2025,https://i.ytimg.com/vi/bkbcqGk5nMs/mqdefault.jpg,https://www.youtube.com/watch?v=bkbcqGk5nMs
2025-06-10 17:00:00,20ª Sessão Ordinária 2025,https://i.ytimg.com/vi/_qpyqktFcBk/mqdefault.jpg,https://www.youtube.com/watch?v=_qpyqktFcBk
2025-06-04 17:00:00,Audiência Pública - Cruzada pela anistia: conceito e necessidade de aplicação,https://i.ytimg.com/vi/RcwJ6Ee4Ock/mqdefault.jpg,https://www.youtube.com/watch?v=RcwJ6Ee4Ock
2025-06-03 17:00:00,19ª Sessão Ordinária 2025,https://i.ytimg.com/vi/DEy4WTrO-dg/mqdefault.jpg,https://www.youtube.com/watch?v=DEy4WTrO-dg
2025-05-29 17:00:00,Audiência Pública RDQA 1º Quadrimestre 2025,https://i.ytimg.com/vi/SE5T5-Eq1kE/mqdefault.jpg,https://www.youtube.com/watch?v=SE5T5-Eq1kE
2025-05-27 19:00:00,Sessão Solene em Comemoração aos 102 anos da Igreja Metodista de Pinda - 2025,https://i.ytimg.com/vi/NKpPRl5Z9Dk/mqdefault.jpg,https://www.youtube.com/watch?v=NKpPRl5Z9Dk
2025-05-27 17:00:00,18ª Sessão Ordinária 2025,https://i.ytimg.com/vi/6AZ37v1UMrs/mqdefault.jpg,https://www.youtube.com/watch?v=6AZ37v1UMrs
2025-05-20 19:00:00,Sessão Solene Dia Mundial do Escoteiro,https://i.ytimg.com/vi/cZm2Q2VOEHA/mqdefault.jpg,https://www.youtube.com/watch?v=cZm2Q2VOEHA
2025-05-20 17:00:00,17ª Sessão Ordinária 2025,https://i.ytimg.com/vi/XnH9voA7cuY/mqdefault.jpg,https://www.youtube.com/watch?v=XnH9voA7cuY
2025-05-16 19:00:00,Sessão Solene Comemoração ao Dia do Gari,https://i.ytimg.com/vi/UicnHBX6AbI/mqdefault.jpg,https://www.youtube.com/watch?v=UicnHBX6AbI
2025-05-13 19:00:00,Sessão Solene Conscientização e Combate à Pedofilia e ao Abuso Sexual Infantil,https://i.ytimg.com/vi/4dPMbaC7lEs/mqdefault.jpg,https://www.youtube.com/watch?v=4dPMbaC7lEs
2025-05-13 17:00:00,16ª Sessão Ordinária 2025,https://i.ytimg.com/vi/gwCjsyY6z-8/mqdefault.jpg,https://www.youtube.com/watch?v=gwCjsyY6z-8
2025-05-13 17:00:00,16ª Sessão Ordinária 2025,https://i.ytimg.com/vi/gwCjsyY6z-8/mqdefault.jpg,https://www.youtube.com/watch?v=gwCjsyY6z-8
2025-05-06 17:00:00,15ª Sessão Ordinária 2025,https://i.ytimg.com/vi/XVGWa89wM9Y/mqdefault.jpg,https://www.youtube.com/watch?v=XVGWa89wM9Y
2025-04-29 17:00:00,14ª Sessão Ordinária 2025,https://i.ytimg.com/vi/WONpmVOWKj8/mqdefault.jpg,https://www.youtube.com/watch?v=WONpmVOWKj8
2025-04-22 17:00:00,13ª Sessão Ordinária 2025,https://i.ytimg.com/vi/uUtEMc2kL8c/mqdefault.jpg,https://www.youtube.com/watch?v=uUtEMc2kL8c
2025-04-15 17:00:00,12ª Sessão Ordinária 2025,https://i.ytimg.com/vi/1J8mYt5BIoY/mqdefault.jpg,https://www.youtube.com/watch?v=1J8mYt5BIoY
2025-04-08 17:00:00,11ª Sessão Ordinária 2025,https://i.ytimg.com/vi/aZRyXKoYL_M/mqdefault.jpg,https://www.youtube.com/watch?v=aZRyXKoYL_M
2025-04-01 17:00:00,10ª Sessão Ordinária 2025,https://i.ytimg.com/vi/tW8jIP4W4E4/mqdefault.jpg,https://www.youtube.com/watch?v=tW8jIP4W4E4
2025-03-27 17:00:00,Programa Anual de Saúde PAS 2025 (Secretaria de Saúde),https://i.ytimg.com/vi/dbxFGQ-_5p0/mqdefault.jpg,https://www.youtube.com/watch?v=dbxFGQ-_5p0
2025-03-24 17:00:00,9ª Sessão Ordinária 2025,https://i.ytimg.com/vi/JX6-iutoEHo/mqdefault.jpg,https://www.youtube.com/watch?v=JX6-iutoEHo
2025-03-18 17:00:00,8ª Sessão Ordinária 2025,https://i.ytimg.com/vi/itT14gG_p3E/mqdefault.jpg,https://www.youtube.com/watch?v=itT14gG_p3E
2025-03-11 17:00:00,7ª Sessão Ordinária 2025,https://i.ytimg.com/vi/E0l8TfflGwU/mqdefault.jpg,https://www.youtube.com/watch?v=E0l8TfflGwU
2025-03-07 19:30:00,Sessão Solene Dia Internacional da Mulher - 2025,https://i.ytimg.com/vi/eeSN9dog-b4/mqdefault.jpg,https://www.youtube.com/watch?v=eeSN9dog-b4
2025-03-06 17:00:00,6ª Sessão Ordinária 2025,https://i.ytimg.com/vi/tEVlYrM7xoE/mqdefault.jpg,https://www.youtube.com/watch?v=tEVlYrM7xoE
2025-02-28 17:30:00,Audiência Pública Metas Fiscais do Município 3° Quadrimestre de 2024,https://i.ytimg.com/vi/5cNZz_0RTIY/mqdefault.jpg,https://www.youtube.com/watch?v=5cNZz_0RTIY
2025-02-27 17:00:00,Audiência Pública Relatório Detalhado do Quadrimestre Anterior (RDQA) 3° Quad 2024,https://i.ytimg.com/vi/51cuubI_etw/mqdefault.jpg,https://www.youtube.com/watch?v=51cuubI_etw
2025-02-25 19:00:00,Audiência Pública - Discussão sobre os serviços prestados pela empresa SABESP,https://i.ytimg.com/vi/C79cfHjjbd8/mqdefault.jpg,https://www.youtube.com/watch?v=C79cfHjjbd8
2025-02-25 17:00:00,5ª Sessão Ordinária 2025,https://i.ytimg.com/vi/DQBHgZLkEXw/mqdefault.jpg,https://www.youtube.com/watch?v=DQBHgZLkEXw
2025-02-18 17:00:00,4ª Sessão Ordinária 2025,https://i.ytimg.com/vi/V43OwAyUJfA/mqdefault.jpg,https://www.youtube.com/watch?v=V43OwAyUJfA
2025-02-11 17:00:00,3ª Sessão Ordinária 2025,https://i.ytimg.com/vi/PQNkMCE-8Us/mqdefault.jpg,https://www.youtube.com/watch?v=PQNkMCE-8Us
2025-02-04 17:00:00,2ª Sessão Ordinária 2025,https://i.ytimg.com/vi/DiGUHzyT910/mqdefault.jpg,https://www.youtube.com/watch?v=DiGUHzyT910
2025-01-28 17:00:00,1ª Sessão Ordinária 2025,https://i.ytimg.com/vi/BJAwQ6WLMcw/mqdefault.jpg,https://www.youtube.com/watch?v=BJAwQ6WLMcw
2025-01-13 09:53:47,2ª Sessão Extraordinária 2025,https://i.ytimg.com/vi/ZUN5DGMsa1g/mqdefault.jpg,https://www.youtube.com/watch?v=ZUN5DGMsa1g
2025-01-13 09:52:12,1ª Sessão Extraordinária 2025,https://i.ytimg.com/vi/8mvS7WZ1ntI/mqdefault.jpg,https://www.youtube.com/watch?v=8mvS7WZ1ntI
2025-01-01 12:00:00,Sessão Especial de Eleição da Mesa Diretora Biênio 2025-2026,https://i.ytimg.com/vi/FsNB_8NBSQA/mqdefault.jpg,https://www.youtube.com/watch?v=FsNB_8NBSQA
2025-01-01 09:00:00,"Sessão Solene de Posse do Prefeito, Vice-Prefeito e Vereadores eleitos em 2024",https://i.ytimg.com/vi/V3Y8B5n_H3M/mqdefault.jpg,https://www.youtube.com/watch?v=V3Y8B5n_H3M
2024-12-17 13:30:00,Solenidade de Diplomação dos eleitos nos pleitos de 2024 em Pindamonhangaba,https://i.ytimg.com/vi/VG8r87vjqqo/mqdefault.jpg,https://www.youtube.com/watch?v=VG8r87vjqqo
2024-12-16 14:00:00,44ª Sessão Ordinária 2024,https://i.ytimg.com/vi/WZ3uwvvfkCQ/mqdefault.jpg,https://www.youtube.com/watch?v=WZ3uwvvfkCQ
2024-12-10 16:00:00,43ª Sessão Ordinária 2024,https://i.ytimg.com/vi/teGD7gPnYQU/mqdefault.jpg,https://www.youtube.com/watch?v=teGD7gPnYQU
2024-12-03 19:00:00,Sessão Solene Comemoração ao Esportista do Ano - 2024,https://i.ytimg.com/vi/vAtPID5_dkw/mqdefault.jpg,https://www.youtube.com/watch?v=vAtPID5_dkw
2024-12-03 17:00:00,42ª Sessão Ordinária 2024,https://i.ytimg.com/vi/p2RwFCaEmRk/mqdefault.jpg,https://www.youtube.com/watch?v=p2RwFCaEmRk
2024-11-27 18:00:00,Audiência Pública sobre normas para a realização de Rodeios em Pindamonhangaba,https://i.ytimg.com/vi/Let1evnk8bQ/mqdefault.jpg,https://www.youtube.com/watch?v=Let1evnk8bQ
2024-11-26 19:00:00,Sessão Solene Dia da Consciência Negra - 2024,https://i.ytimg.com/vi/ywgip7IaXKg/mqdefault.jpg,https://www.youtube.com/watch?v=ywgip7IaXKg
2024-11-26 17:00:00,41ª Sessão Ordinária 2024,https://i.ytimg.com/vi/8LJjWrCrH0c/mqdefault.jpg,https://www.youtube.com/watch?v=8LJjWrCrH0c
2024-11-21 17:30:00,Audiência Pública LOA (Lei Orçamentária Anual) 2025,https://i.ytimg.com/vi/NWq5DhsD2hg/mqdefault.jpg,https://www.youtube.com/watch?v=NWq5DhsD2hg
2024-11-19 17:00:00,40ª Sessão Ordinária 2024,https://i.ytimg.com/vi/Dhy_s1sPzvc/mqdefault.jpg,https://www.youtube.com/watch?v=Dhy_s1sPzvc
2024-11-18 19:00:00,Sessão Solene em comemoração ao ‘Dia do Músico Evangélico’ - 2024,https://i.ytimg.com/vi/kuc2SRdbo5w/mqdefault.jpg,https://www.youtube.com/watch?v=kuc2SRdbo5w
2024-11-12 17:00:00,39ª Sessão Ordinária 2024,https://i.ytimg.com/vi/wBG4TiAv8_s/mqdefault.jpg,https://www.youtube.com/watch?v=wBG4TiAv8_s
2024-11-05 17:00:00,38ª Sessão Ordinária 2024,https://i.ytimg.com/vi/0CBvjySUDdw/mqdefault.jpg,https://www.youtube.com/watch?v=0CBvjySUDdw
2024-10-31 19:00:00,Sessão Solene em comemoração aos 507 anos da Reforma Protestante - 2024,https://i.ytimg.com/vi/dk2Jo4fKwNQ/mqdefault.jpg,https://www.youtube.com/watch?v=dk2Jo4fKwNQ
2024-10-29 17:00:00,37ª Sessão Ordinária 2024,https://i.ytimg.com/vi/pC_onWcUX0E/mqdefault.jpg,https://www.youtube.com/watch?v=pC_onWcUX0E
2024-10-22 17:00:00,36ª Sessão Ordinária 2024,https://i.ytimg.com/vi/W8bpzG4xXAI/mqdefault.jpg,https://www.youtube.com/watch?v=W8bpzG4xXAI
2024-10-15 19:00:00,Sessão Solene Dia dos Professores - 2024,https://i.ytimg.com/vi/VzdgnSJGaxI/mqdefault.jpg,https://www.youtube.com/watch?v=VzdgnSJGaxI
2024-10-15 17:00:00, 35ª Sessão Ordinária 2024,https://i.ytimg.com/vi/v93X83YMK4E/mqdefault.jpg,https://www.youtube.com/watch?v=v93X83YMK4E
2024-10-09 19:30:00,Sessão Solene Comemoração Dia do Comerciário,https://i.ytimg.com/vi/a41iwWZMy8s/mqdefault.jpg,https://www.youtube.com/watch?v=a41iwWZMy8s
2024-10-08 19:00:00,Sessão Solene Comemoração Mês Outubro Rosa,https://i.ytimg.com/vi/JL_JQzrbXKw/mqdefault.jpg,https://www.youtube.com/watch?v=JL_JQzrbXKw
2024-10-08 17:00:00,34ª Sessão Ordinária 2024,https://i.ytimg.com/vi/cmMSt1R5W5c/mqdefault.jpg,https://www.youtube.com/watch?v=cmMSt1R5W5c
2024-09-30 14:00:00,33ª Sessão Ordinária 2024,https://i.ytimg.com/vi/Pj6DIHQxiMs/mqdefault.jpg,https://www.youtube.com/watch?v=Pj6DIHQxiMs
2024-09-27 18:00:00,Audiência Pública Metas Fiscais do Município 2° Quadrimestre de 2024,https://i.ytimg.com/vi/wzmwRju4z0c/mqdefault.jpg,https://www.youtube.com/watch?v=wzmwRju4z0c
2024-09-26 17:00:00,Audiência Pública Relatório Detalhado do Quadrimestre Anterior (RDQA) 2° Quad 2024,https://i.ytimg.com/vi/gT72Xt9KVqY/mqdefault.jpg,https://www.youtube.com/watch?v=gT72Xt9KVqY
2024-09-23 19:00:00,Sessão Solene Comemoração a 22ª Semana Evangélica,https://i.ytimg.com/vi/adr_7Q6Yv8U/mqdefault.jpg,https://www.youtube.com/watch?v=adr_7Q6Yv8U
2024-09-23 14:00:00,32ª Sessão Ordinária 2024,https://i.ytimg.com/vi/FhmBJ17uZDw/mqdefault.jpg,https://www.youtube.com/watch?v=FhmBJ17uZDw
2024-09-19 14:00:00,Sessão Solene 14ª Semana da Mobilização Social pela Educação de Pindamonhangaba,https://i.ytimg.com/vi/4n3q-bWzgUs/mqdefault.jpg,https://www.youtube.com/watch?v=4n3q-bWzgUs
2024-09-16 14:00:00,31ª Sessão Ordinária 2024,https://i.ytimg.com/vi/4vwRya-yVww/mqdefault.jpg,https://www.youtube.com/watch?v=4vwRya-yVww
2024-09-09 19:00:00,Sessão Solene Dia do Pastor - 2024,https://i.ytimg.com/vi/HGIQaflWGkQ/mqdefault.jpg,https://www.youtube.com/watch?v=HGIQaflWGkQ
2024-09-09 14:00:00,30ª Sessão Ordinária 2024,https://i.ytimg.com/vi/2CX-2nJJUMs/mqdefault.jpg,https://www.youtube.com/watch?v=2CX-2nJJUMs
2024-09-02 14:00:00,29ª Sessão Ordinária 2024,https://i.ytimg.com/vi/e4hvakNSMMs/mqdefault.jpg,https://www.youtube.com/watch?v=e4hvakNSMMs
2024-08-27 17:00:00,28ª Sessão Ordinária 2024,https://i.ytimg.com/vi/Y_Y9NEjYwi0/mqdefault.jpg,https://www.youtube.com/watch?v=Y_Y9NEjYwi0
2024-08-20 17:00:00, 27ª Sessão Ordinária 2024,https://i.ytimg.com/vi/GrtsQHeWmTY/mqdefault.jpg,https://www.youtube.com/watch?v=GrtsQHeWmTY
2024-08-12 16:00:00,26ª Sessão Ordinária 2024,https://i.ytimg.com/vi/KIOwP25nwR0/mqdefault.jpg,https://www.youtube.com/watch?v=KIOwP25nwR0
2024-08-06 17:00:00,25ª Sessão Ordinária 2024,https://i.ytimg.com/vi/o-HKC5jKQyw/mqdefault.jpg,https://www.youtube.com/watch?v=o-HKC5jKQyw
2024-07-12 15:31:42,24ª Sessão Ordinária 2024,https://i.ytimg.com/vi/IDdRQtpu3is/mqdefault.jpg,https://www.youtube.com/watch?v=IDdRQtpu3is
2024-07-03 08:16:04,23ª Sessão Ordinária 2024,https://i.ytimg.com/vi/wfczuHiaUjg/mqdefault.jpg,https://www.youtube.com/watch?v=wfczuHiaUjg
2024-06-26 18:30:00,Sessão Solene em Comemoração ao Dia Municipal de Combate às Drogas - 2024,https://i.ytimg.com/vi/ZQMYo5HMsM8/mqdefault.jpg,https://www.youtube.com/watch?v=ZQMYo5HMsM8
2024-06-24 17:00:00, 22ª Sessão Ordinária 2024,https://i.ytimg.com/vi/TuLVXHlFENU/mqdefault.jpg,https://www.youtube.com/watch?v=TuLVXHlFENU
2024-06-18 18:19:57,21ª Sessão Ordinária 2024,https://i.ytimg.com/vi/NJvohZqZmW8/mqdefault.jpg,https://www.youtube.com/watch?v=NJvohZqZmW8
2024-06-11 17:00:00, 20ª Sessão Ordinária 2024,https://i.ytimg.com/vi/b_Frd0QBjcY/mqdefault.jpg,https://www.youtube.com/watch?v=b_Frd0QBjcY
2024-06-10 19:00:00,Sessão Solene Dia da Assembleia de Deus - 2024,https://i.ytimg.com/vi/C5twwlooDV8/mqdefault.jpg,https://www.youtube.com/watch?v=C5twwlooDV8
2024-06-04 17:00:00,19ª Sessão Ordinária 2024,https://i.ytimg.com/vi/Q1PLkrVgnfU/mqdefault.jpg,https://www.youtube.com/watch?v=Q1PLkrVgnfU
2024-05-29 17:00:00,Congresso Técnico 26º Jogos da Melhor Idade,https://i.ytimg.com/vi/WPrSj65bKGA/mqdefault.jpg,https://www.youtube.com/watch?v=WPrSj65bKGA
2024-05-28 19:00:00,Sessão Solene Dia do Assistente Social - 2024,https://i.ytimg.com/vi/CE7N835DAXA/mqdefault.jpg,https://www.youtube.com/watch?v=CE7N835DAXA
2024-05-28 17:00:00,18ª Sessão Ordinária 2024,https://i.ytimg.com/vi/7hUmGKgFvY4/mqdefault.jpg,https://www.youtube.com/watch?v=7hUmGKgFvY4
2024-05-27 17:00:00,Audiência Pública Relatório Detalhado do Quadrimestre Anterior (RDQA) 1° Quad 2024,https://i.ytimg.com/vi/ATPaCKqPjc0/mqdefault.jpg,https://www.youtube.com/watch?v=ATPaCKqPjc0
2024-05-21 19:00:00,Audiência Pública Diretrizes Orçamentárias 2025,https://i.ytimg.com/vi/pVsRIXB6fmI/mqdefault.jpg,https://www.youtube.com/watch?v=pVsRIXB6fmI
2024-05-21 17:00:00,17ª Sessão Ordinária 2024,https://i.ytimg.com/vi/ytgpGKhrWTY/mqdefault.jpg,https://www.youtube.com/watch?v=ytgpGKhrWTY
2024-05-14 17:00:00,16ª Sessão Ordinária 2024,https://i.ytimg.com/vi/gJ-_SdYrLl4/mqdefault.jpg,https://www.youtube.com/watch?v=gJ-_SdYrLl4
2024-05-07 17:00:00,15ª Sessão Ordinária 2024,https://i.ytimg.com/vi/pE8ZJhwLvDw/mqdefault.jpg,https://www.youtube.com/watch?v=pE8ZJhwLvDw
2024-04-30 19:00:00,Sessão Solene Comemoração ao Dia do Metalúrgico e da Metalúrgica,https://i.ytimg.com/vi/2pZlfWHkfjI/mqdefault.jpg,https://www.youtube.com/watch?v=2pZlfWHkfjI
2024-04-30 17:00:00,14ª Sessão Ordinária 2024,https://i.ytimg.com/vi/0FtS9jsE9jc/mqdefault.jpg,https://www.youtube.com/watch?v=0FtS9jsE9jc
2024-04-23 19:00:00,Sessão Solene Comemoração à Sociedade São Vicente de Paulo - 2024,https://i.ytimg.com/vi/G400S-30nOc/mqdefault.jpg,https://www.youtube.com/watch?v=G400S-30nOc
2024-04-23 17:00:00,13ª Sessão Ordinária 2024,https://i.ytimg.com/vi/hF4LCNyd9x4/mqdefault.jpg,https://www.youtube.com/watch?v=hF4LCNyd9x4
2024-04-18 17:00:00,"Audiência Pública Revisão do Código de Edificações de Pinda (LC 09, de 16/12/2008)",https://i.ytimg.com/vi/g1l1B-jSKbA/mqdefault.jpg,https://www.youtube.com/watch?v=g1l1B-jSKbA
2024-04-16 19:00:00,Sessão Solene Dia Mundial do Escoteiro - 2024,https://i.ytimg.com/vi/JeXkIo84FUY/mqdefault.jpg,https://www.youtube.com/watch?v=JeXkIo84FUY
2024-04-16 17:00:00,12ª Sessão Ordinária 2024,https://i.ytimg.com/vi/g525mhS7Kuk/mqdefault.jpg,https://www.youtube.com/watch?v=g525mhS7Kuk
2024-04-10 17:00:00,Audiência Pública Código de Limpeza Municipal,https://i.ytimg.com/vi/DC2H051WynU/mqdefault.jpg,https://www.youtube.com/watch?v=DC2H051WynU
2024-04-09 17:00:00,11ª Sessão Ordinária 2024,https://i.ytimg.com/vi/cslKBsHQqXQ/mqdefault.jpg,https://www.youtube.com/watch?v=cslKBsHQqXQ
2024-04-08 17:00:00,Audiência Pública Lei Complementar n° 66/2022 Plano Diretor Participativo de Pinda,https://i.ytimg.com/vi/wpKYeOrzdsM/mqdefault.jpg,https://www.youtube.com/watch?v=wpKYeOrzdsM
2024-04-05 11:44:00,1ª Sessão Extraordinária 2024,https://i.ytimg.com/vi/L8pKIJj6c_A/mqdefault.jpg,https://www.youtube.com/watch?v=L8pKIJj6c_A
2024-04-03 17:00:00,Audiência Pública: Política Municipal de Meio Ambiente,https://i.ytimg.com/vi/BdCRprWWHwc/mqdefault.jpg,https://www.youtube.com/watch?v=BdCRprWWHwc
2024-04-02 17:00:00,10ª Sessão Ordinária 2024,https://i.ytimg.com/vi/FaWBNwJFM_k/mqdefault.jpg,https://www.youtube.com/watch?v=FaWBNwJFM_k
2024-03-26 17:00:00,9ª Sessão Ordinária 2024,https://i.ytimg.com/vi/Qr9ZaLo8PlU/mqdefault.jpg,https://www.youtube.com/watch?v=Qr9ZaLo8PlU
2024-03-19 17:00:00,8ª Sessão Ordinária 2024,https://i.ytimg.com/vi/pVme1rYfaMA/mqdefault.jpg,https://www.youtube.com/watch?v=pVme1rYfaMA
2024-03-12 17:00:00,7ª Sessão Ordinária 2024,https://i.ytimg.com/vi/6j-bCus2GkQ/mqdefault.jpg,https://www.youtube.com/watch?v=6j-bCus2GkQ
2024-03-05 19:00:00,Sessão Solene Dia Internacional da Mulher - 2024,https://i.ytimg.com/vi/7aXprZVKcwA/mqdefault.jpg,https://www.youtube.com/watch?v=7aXprZVKcwA
2024-03-05 17:00:00, 6ª Sessão Ordinária 2024,https://i.ytimg.com/vi/u42gEpQPxWM/mqdefault.jpg,https://www.youtube.com/watch?v=u42gEpQPxWM
2024-02-29 17:00:00,Audiência Pública - Apresentação do Relatório Detalhado do Quadrimestre Anterior (RDQA) referente ao 3° quadrimestre de 2023.,https://i.ytimg.com/vi/KfO6uIFk_Vg/mqdefault.jpg,https://www.youtube.com/watch?v=KfO6uIFk_Vg
2024-02-27 17:00:00,5ª Sessão Ordinária 2024,https://i.ytimg.com/vi/9hot-SO8UAI/mqdefault.jpg,https://www.youtube.com/watch?v=9hot-SO8UAI
2024-02-27 17:00:00,5ª Sessão Ordinária 2024,https://i.ytimg.com/vi/9hot-SO8UAI/mqdefault.jpg,https://www.youtube.com/watch?v=9hot-SO8UAI
2024-02-26 17:00:00,Metas Fiscais do Município 3° quadrimestre de 2023,https://i.ytimg.com/vi/u-8MuLMKj3Q/mqdefault.jpg,https://www.youtube.com/watch?v=u-8MuLMKj3Q
2024-02-20 19:30:00,Lançamento da Campanha da Fraternidade 2024,https://i.ytimg.com/vi/0-YX9BPWoaw/mqdefault.jpg,https://www.youtube.com/watch?v=0-YX9BPWoaw
2024-02-20 17:00:00,4ª Sessão Ordinária 2024,https://i.ytimg.com/vi/GeKwPdSeC98/mqdefault.jpg,https://www.youtube.com/watch?v=GeKwPdSeC98
2024-02-15 14:00:00,3ª Sessão Ordinária 2024,https://i.ytimg.com/vi/qM9PHn4nLFA/mqdefault.jpg,https://www.youtube.com/watch?v=qM9PHn4nLFA
2024-02-06 17:00:00,2ª Sessão Ordinária 2024,https://i.ytimg.com/vi/UX0UiWGEHgI/mqdefault.jpg,https://www.youtube.com/watch?v=UX0UiWGEHgI
2024-01-30 17:00:00,1ª Sessão Ordinária 2024,https://i.ytimg.com/vi/3-S9PBPx9PI/mqdefault.jpg,https://www.youtube.com/watch?v=3-S9PBPx9PI
2023-12-18 17:00:00,45ª Sessão Ordinária 2023,https://i.ytimg.com/vi/_KZh71DfPUA/mqdefault.jpg,https://www.youtube.com/watch?v=_KZh71DfPUA
2023-12-14 18:00:00, Discussão PL nº 209/23 Código de Posturas do Município de Pinda,https://i.ytimg.com/vi/3LCzUelkbw0/mqdefault.jpg,https://www.youtube.com/watch?v=3LCzUelkbw0
2023-12-13 17:00:00,Comemoração ao Dia Municipal da Pessoa com Deficiência 2023,https://i.ytimg.com/vi/F8TesqDD2nI/mqdefault.jpg,https://www.youtube.com/watch?v=F8TesqDD2nI
2023-12-12 18:00:00,Comemoração ao Esportista do Ano - 2023,https://i.ytimg.com/vi/KadJRLShst0/mqdefault.jpg,https://www.youtube.com/watch?v=KadJRLShst0
2023-12-12 17:00:10,44ª Sessão Ordinária 2023,https://i.ytimg.com/vi/WxHw1a4HaDM/mqdefault.jpg,https://www.youtube.com/watch?v=WxHw1a4HaDM
2023-12-05 17:00:00,43ª Sessão Ordinária 2023,https://i.ytimg.com/vi/X4Nq7yayDrc/mqdefault.jpg,https://www.youtube.com/watch?v=X4Nq7yayDrc
2023-12-01 17:00:00,Plano Municipal de Saneamento Básico Secretaria de Meio Ambiente,https://i.ytimg.com/vi/NJa_J_b5HB0/mqdefault.jpg,https://www.youtube.com/watch?v=NJa_J_b5HB0
2023-11-28 17:00:00,42ª Sessão Ordinária 2023,https://i.ytimg.com/vi/O55SMdKZFE4/mqdefault.jpg,https://www.youtube.com/watch?v=O55SMdKZFE4
2023-11-23 17:00:00,Projeto de Lei de Parcelamento do Solo do Município de Pinda,https://i.ytimg.com/vi/-Hgrm6672o4/mqdefault.jpg,https://www.youtube.com/watch?v=-Hgrm6672o4
2023-11-22 17:00:00,Estima Receita e fixa Despesa do Município para 2024,https://i.ytimg.com/vi/EK4M9vxWTKU/mqdefault.jpg,https://www.youtube.com/watch?v=EK4M9vxWTKU
2023-11-21 17:00:00,Comemoração ao Dia da Consciência Negra - 2023,https://i.ytimg.com/vi/75nGOigtZPo/mqdefault.jpg,https://www.youtube.com/watch?v=75nGOigtZPo
2023-11-21 17:00:00,41ª Sessão Ordinária 2023,https://i.ytimg.com/vi/EtZhODSiZPo/mqdefault.jpg,https://www.youtube.com/watch?v=EtZhODSiZPo
2023-11-14 17:00:00,40ª Sessão Ordinária 2023,https://i.ytimg.com/vi/Un5uHAhD-Jk/mqdefault.jpg,https://www.youtube.com/watch?v=Un5uHAhD-Jk
2023-11-07 17:00:00,39ª Sessão Ordinária 2023,https://i.ytimg.com/vi/GVsSwVE7T78/mqdefault.jpg,https://www.youtube.com/watch?v=GVsSwVE7T78
2023-11-06 17:00:00,Discussão sobre Prestação de Serviço da EDP Município de Pinda,https://i.ytimg.com/vi/bvPAuu7J-YA/mqdefault.jpg,https://www.youtube.com/watch?v=bvPAuu7J-YA
2023-10-31 17:00:00,Comemoração ao Dia do Servidor Público - 2023,https://i.ytimg.com/vi/WJ4gxuKH1is/mqdefault.jpg,https://www.youtube.com/watch?v=WJ4gxuKH1is
2023-10-31 17:00:00,38ª Sessão Ordinária 2023,https://i.ytimg.com/vi/vWh-6FVkpwQ/mqdefault.jpg,https://www.youtube.com/watch?v=vWh-6FVkpwQ
2023-10-30 17:00:00, Homenagem aos 506 anos da Reforma Protestante - 2023,https://i.ytimg.com/vi/P2Ey-gnc-So/mqdefault.jpg,https://www.youtube.com/watch?v=P2Ey-gnc-So
2023-10-23 17:00:00,37ª Sessão Ordinária 2023,https://i.ytimg.com/vi/ckEQt-yP2k4/mqdefault.jpg,https://www.youtube.com/watch?v=ckEQt-yP2k4
2023-10-17 17:00:01,36ª Sessão Ordinária 2023,https://i.ytimg.com/vi/8QRRwRbXGIw/mqdefault.jpg,https://www.youtube.com/watch?v=8QRRwRbXGIw
2023-10-17 17:00:00,Comemoração ao Dia do Professor - 2023,https://i.ytimg.com/vi/75KPvabBuPM/mqdefault.jpg,https://www.youtube.com/watch?v=75KPvabBuPM
2023-10-16 17:00:00,Andamento processual da falência da empresa Nobrecel,https://i.ytimg.com/vi/OaRz44R_Zn0/mqdefault.jpg,https://www.youtube.com/watch?v=OaRz44R_Zn0
2023-10-09 17:59:00,35ª Sessão Ordinária 2023,https://i.ytimg.com/vi/HOxyLb9tfHU/mqdefault.jpg,https://www.youtube.com/watch?v=HOxyLb9tfHU
2023-10-09 17:00:00,Comemoração ao Dia do Comerciário - 2023,https://i.ytimg.com/vi/6m8KUcJPOuA/mqdefault.jpg,https://www.youtube.com/watch?v=6m8KUcJPOuA
2023-10-03 17:00:00,Comemoração Mês Outubro Rosa - 2023,https://i.ytimg.com/vi/hsK-8a3U7tg/mqdefault.jpg,https://www.youtube.com/watch?v=hsK-8a3U7tg
2023-10-03 17:00:00,Concorrência 01/2023 - Contratação Agência Publicidade Institucional - 4ª Sessão,https://i.ytimg.com/vi/fHTr6F-0WFw/mqdefault.jpg,https://www.youtube.com/watch?v=fHTr6F-0WFw
2023-10-02 17:00:00,34ª Sessão Ordinária 2023,https://i.ytimg.com/vi/igVgBoX3BII/mqdefault.jpg,https://www.youtube.com/watch?v=igVgBoX3BII
2023-09-27 17:00:00,RDQA 2º Quadrimestre 2023 (Secretaria de Saúde),https://i.ytimg.com/vi/2rxpobyOmsU/mqdefault.jpg,https://www.youtube.com/watch?v=2rxpobyOmsU
2023-09-26 17:00:00, 33ª Sessão Ordinária 2023,https://i.ytimg.com/vi/4vwxaTfs-rM/mqdefault.jpg,https://www.youtube.com/watch?v=4vwxaTfs-rM
2023-09-26 17:00:00,Concorrência 01/2023 - Contratação Agência Publicidade Institucional - 3ª Sessão,https://i.ytimg.com/vi/aWMKrW_C9sY/mqdefault.jpg,https://www.youtube.com/watch?v=aWMKrW_C9sY
2023-09-19 17:00:00,32ª Sessão Ordinária 2023,https://i.ytimg.com/vi/y99YnUb-qLw/mqdefault.jpg,https://www.youtube.com/watch?v=y99YnUb-qLw
2023-09-18 17:00:00,Comemoração à 21ª Semana Evangélica - 2023,https://i.ytimg.com/vi/AVNq2TSLcOk/mqdefault.jpg,https://www.youtube.com/watch?v=AVNq2TSLcOk
2023-09-11 17:00:00,Comemoração ao Dia Municipal da Pastora e Pastor Evangélico - 2023,https://i.ytimg.com/vi/PA2xGYXbA3A/mqdefault.jpg,https://www.youtube.com/watch?v=PA2xGYXbA3A
2023-09-11 17:00:00,Comemoração ao Dia Municipal do Educador Físico - 2023,https://i.ytimg.com/vi/xeY7fXX6f64/mqdefault.jpg,https://www.youtube.com/watch?v=xeY7fXX6f64
2023-09-05 17:00:00,30ª Sessão Ordinária 2023,https://i.ytimg.com/vi/UArLTmLZ3KE/mqdefault.jpg,https://www.youtube.com/watch?v=UArLTmLZ3KE
2023-08-29 17:00:00,29ª Sessão Ordinária 2023,https://i.ytimg.com/vi/bYas1Zqp3QI/mqdefault.jpg,https://www.youtube.com/watch?v=bYas1Zqp3QI
2023-08-22 17:00:00, 28ª Sessão Ordinária 2023,https://i.ytimg.com/vi/MWlN2o0H7D4/mqdefault.jpg,https://www.youtube.com/watch?v=MWlN2o0H7D4
2023-08-21 17:00:00,Concorrência 01/2023 - Contratação Agência Publicidade Institucional - 1ª Sessão,https://i.ytimg.com/vi/xZnUsF02DEA/mqdefault.jpg,https://www.youtube.com/watch?v=xZnUsF02DEA
2023-08-15 17:00:00,27ª Sessão Ordinária 2023,https://i.ytimg.com/vi/q-z1z-8rsW8/mqdefault.jpg,https://www.youtube.com/watch?v=q-z1z-8rsW8
2023-08-11 17:00:01,Contra Privatização da SABESP com a Frente Parlamentar Paulista,https://i.ytimg.com/vi/6suup3ZRlW0/mqdefault.jpg,https://www.youtube.com/watch?v=6suup3ZRlW0
2023-08-08 17:00:00,Debate sobre Serviço de Bombeiro e melhorias com Leis Municipais,https://i.ytimg.com/vi/W4nODK-f4BA/mqdefault.jpg,https://www.youtube.com/watch?v=W4nODK-f4BA
2023-08-07 17:00:00,26ª Sessão Ordinária 2023,https://i.ytimg.com/vi/_6WtH6bnJNQ/mqdefault.jpg,https://www.youtube.com/watch?v=_6WtH6bnJNQ
2023-08-01 17:00:00,25ª Sessão Ordinária 2023,https://i.ytimg.com/vi/TnYItWfsmzU/mqdefault.jpg,https://www.youtube.com/watch?v=TnYItWfsmzU
2023-07-11 17:00:00,24ª Sessão Ordinária 2023,https://i.ytimg.com/vi/gyFAA7d7_LY/mqdefault.jpg,https://www.youtube.com/watch?v=gyFAA7d7_LY
2023-07-04 17:00:00,23ª Sessão Ordinária 2023,https://i.ytimg.com/vi/bqoDIiM18RE/mqdefault.jpg,https://www.youtube.com/watch?v=bqoDIiM18RE
2023-06-28 17:00:00, Debate sobre Segurança Pública de Pindamonhangaba,https://i.ytimg.com/vi/OKYWMMw2FJ4/mqdefault.jpg,https://www.youtube.com/watch?v=OKYWMMw2FJ4
2023-06-27 17:00:00,22ª Sessão Ordinária 2023,https://i.ytimg.com/vi/5OdXEw2lWPk/mqdefault.jpg,https://www.youtube.com/watch?v=5OdXEw2lWPk
2023-06-21 17:00:00,Congresso Técnico dos 65º Jogos Regionais,https://i.ytimg.com/vi/kcTSCxc5taM/mqdefault.jpg,https://www.youtube.com/watch?v=kcTSCxc5taM
2023-06-19 17:00:00,Comemoração ao Dia das Assembleias de Deus - 2023,https://i.ytimg.com/vi/WWzeRTCNbZ8/mqdefault.jpg,https://www.youtube.com/watch?v=WWzeRTCNbZ8
2023-06-19 17:00:00, 21ª Sessão Ordinária 2023,https://i.ytimg.com/vi/H6iiZpqVkAQ/mqdefault.jpg,https://www.youtube.com/watch?v=H6iiZpqVkAQ
2023-06-13 17:00:00,20ª Sessão Ordinária 2023,https://i.ytimg.com/vi/MrOtNOM49Ac/mqdefault.jpg,https://www.youtube.com/watch?v=MrOtNOM49Ac
2023-06-06 17:00:00,19ª Sessão Ordinária 2023,https://i.ytimg.com/vi/ELpW1yJw23g/mqdefault.jpg,https://www.youtube.com/watch?v=ELpW1yJw23g
2023-06-05 17:00:00,Diretrizes Orçamentárias para o exercício de 2024,https://i.ytimg.com/vi/fxC2hCUQs0s/mqdefault.jpg,https://www.youtube.com/watch?v=fxC2hCUQs0s
2023-06-02 17:00:00,Chamamento Público nº 01/2023,https://i.ytimg.com/vi/uG26LRCw-RU/mqdefault.jpg,https://www.youtube.com/watch?v=uG26LRCw-RU
2023-05-30 17:00:00,Dia do Assistente Social 2023,https://i.ytimg.com/vi/4K5L9bXx4xI/mqdefault.jpg,https://www.youtube.com/watch?v=4K5L9bXx4xI
2023-05-30 17:00:00, 18ª Sessão Ordinária 2023,https://i.ytimg.com/vi/OUQlHCmrQgw/mqdefault.jpg,https://www.youtube.com/watch?v=OUQlHCmrQgw
2023-05-30 17:00:00,Relatório Detalhado Quadrimestre Anterior (RDQA) 1º Quad 2023,https://i.ytimg.com/vi/bckzHUVHmy0/mqdefault.jpg,https://www.youtube.com/watch?v=bckzHUVHmy0
2023-05-29 17:00:00,Classificação Atividades Zoneamento Urbano de Pindamonhangaba,https://i.ytimg.com/vi/gCQD_XT5mJo/mqdefault.jpg,https://www.youtube.com/watch?v=gCQD_XT5mJo
2023-05-25 17:00:00,Prestação Contas 1º quadrimestre 2023 (Secretaria de Finanças),https://i.ytimg.com/vi/Ccv3nS6ArGY/mqdefault.jpg,https://www.youtube.com/watch?v=Ccv3nS6ArGY
2023-05-23 17:01:00,"Dia Municipal do Policial Militar, Civil e Guarda Municipal - 2023",https://i.ytimg.com/vi/YlHVc40wY6U/mqdefault.jpg,https://www.youtube.com/watch?v=YlHVc40wY6U
2023-05-23 17:00:00,17ª Sessão Ordinária 2023,https://i.ytimg.com/vi/3qw6m_c2zUk/mqdefault.jpg,https://www.youtube.com/watch?v=3qw6m_c2zUk
2023-05-16 17:00:00,Comemoração ao Centenário da Igreja Metodista em Pindamonhangaba,https://i.ytimg.com/vi/9nuD_MNSjx4/mqdefault.jpg,https://www.youtube.com/watch?v=9nuD_MNSjx4
2023-05-16 17:00:00,16ª Sessão Ordinária 2023,https://i.ytimg.com/vi/Xbc2xJO4y1o/mqdefault.jpg,https://www.youtube.com/watch?v=Xbc2xJO4y1o
2023-05-09 17:00:00,15ª Sessão Ordinária 2023,https://i.ytimg.com/vi/Vm3pHYNAczM/mqdefault.jpg,https://www.youtube.com/watch?v=Vm3pHYNAczM
2023-05-02 17:00:00,Dia Municipal do Metalúrgico e Metalúrgica 2023,https://i.ytimg.com/vi/EhzhHLlgIN4/mqdefault.jpg,https://www.youtube.com/watch?v=EhzhHLlgIN4
2023-05-02 17:00:00,14ª Sessão Ordinária 2023,https://i.ytimg.com/vi/cuEJyPlHN5s/mqdefault.jpg,https://www.youtube.com/watch?v=cuEJyPlHN5s
2023-04-25 17:00:00, Comemoração à Sociedade São Vicente de Paulo - 2023,https://i.ytimg.com/vi/tAm_rB9oOBQ/mqdefault.jpg,https://www.youtube.com/watch?v=tAm_rB9oOBQ
2023-04-25 17:00:00, 13ª Sessão Ordinária 2023,https://i.ytimg.com/vi/z-u-vaqqaCc/mqdefault.jpg,https://www.youtube.com/watch?v=z-u-vaqqaCc
2023-04-24 17:00:00,Dia do Escoteiro - 2023,https://i.ytimg.com/vi/XTbyrLMwjNo/mqdefault.jpg,https://www.youtube.com/watch?v=XTbyrLMwjNo
2023-04-18 17:00:00,12ª Sessão Ordinária 2023,https://i.ytimg.com/vi/uoZZPUfq56Q/mqdefault.jpg,https://www.youtube.com/watch?v=uoZZPUfq56Q
2023-04-11 17:00:00,11ª Sessão Ordinária 2023,https://i.ytimg.com/vi/Q_kW6KgHaDg/mqdefault.jpg,https://www.youtube.com/watch?v=Q_kW6KgHaDg
2023-04-05 17:00:00,10ª Sessão Ordinária 2023,https://i.ytimg.com/vi/GqE2AJYc4-U/mqdefault.jpg,https://www.youtube.com/watch?v=GqE2AJYc4-U
2023-03-29 17:00:00,9ª Sessão Ordinária 2023,https://i.ytimg.com/vi/wtwaI1ioD2A/mqdefault.jpg,https://www.youtube.com/watch?v=wtwaI1ioD2A
2023-03-22 17:00:00,8ª Sessão Ordinária 2023,https://i.ytimg.com/vi/gcJhrWVNwDw/mqdefault.jpg,https://www.youtube.com/watch?v=gcJhrWVNwDw
2023-03-16 17:00:00,Pregão Presencial nº 01/2023,https://i.ytimg.com/vi/ZFrdWxp6ka0/mqdefault.jpg,https://www.youtube.com/watch?v=ZFrdWxp6ka0
2023-03-14 17:00:00,7ª Sessão Ordinária 2023,https://i.ytimg.com/vi/f_RClfLQr3k/mqdefault.jpg,https://www.youtube.com/watch?v=f_RClfLQr3k
2023-03-08 17:00:00,6ª Sessão Ordinária 2023,https://i.ytimg.com/vi/3cvfTrIxEZk/mqdefault.jpg,https://www.youtube.com/watch?v=3cvfTrIxEZk
2023-03-07 17:00:00,Sessão Solene Dia Internacional da Mulher - 2023,https://i.ytimg.com/vi/N_0b4j0i2Qo/mqdefault.jpg,https://www.youtube.com/watch?v=N_0b4j0i2Qo
2023-02-28 17:00:00,Relatório Detalhado do Quadrimestre Anterior (RDQA) - 2023,https://i.ytimg.com/vi/Ewgu4dJAiQg/mqdefault.jpg,https://www.youtube.com/watch?v=Ewgu4dJAiQg
2023-02-28 17:00:00, 5ª Sessão Ordinária 2023,https://i.ytimg.com/vi/P5sKJznS9OM/mqdefault.jpg,https://www.youtube.com/watch?v=P5sKJznS9OM
2023-02-24 17:00:00,3ª Sessão Ordinária 2023,https://i.ytimg.com/vi/9aeTMf4CqSE/mqdefault.jpg,https://www.youtube.com/watch?v=9aeTMf4CqSE
2023-02-23 17:00:00,4ª Sessão Ordinária 2023,https://i.ytimg.com/vi/pF_E7PH6CfY/mqdefault.jpg,https://www.youtube.com/watch?v=pF_E7PH6CfY
2023-02-14 17:00:00, Prestação de Contas do 3° Quadrimestre 2022 (Sec. de Finanças),https://i.ytimg.com/vi/kAxi4_Vw9LM/mqdefault.jpg,https://www.youtube.com/watch?v=kAxi4_Vw9LM
2023-02-07 17:00:00,2ª Sessão Ordinária 2023,https://i.ytimg.com/vi/zktVo_Dalk8/mqdefault.jpg,https://www.youtube.com/watch?v=zktVo_Dalk8
2023-01-31 17:00:00,1ª Sessão Ordinária 2023,https://i.ytimg.com/vi/AVKoP4WHDEI/mqdefault.jpg,https://www.youtube.com/watch?v=AVKoP4WHDEI
2023-01-31 17:00:00,Sessão Solene de Posse e Transmissão de Cargo - 2023,https://i.ytimg.com/vi/OlezsYcKABY/mqdefault.jpg,https://www.youtube.com/watch?v=OlezsYcKABY
2023-01-18 17:00:00,1ª Sessão Extraordinária 2023,https://i.ytimg.com/vi/334C_7D1O_4/mqdefault.jpg,https://www.youtube.com/watch?v=334C_7D1O_4
